Observer,Condition,Location_1,Location_2,Correct,Response_Time
bruckert,single,2,,1,0.616711
bruckert,single,1,,1,0.516334
bruckert,single,1,,1,0.621853
bruckert,single,2,,1,1.084004
bruckert,single,4,,1,0.699128
bruckert,single,1,,1,1.531942
bruckert,single,4,,1,0.521744
bruckert,single,3,,1,0.726645
bruckert,single,3,,1,0.491387
bruckert,single,4,,1,0.552374
bruckert,single,3,,1,0.544251
bruckert,single,4,,0,3.059783
bruckert,single,4,,1,0.536834
bruckert,single,1,,1,1.174597
bruckert,single,2,,1,1.096283
bruckert,single,4,,0,0.480699
bruckert,single,2,,1,0.665609
bruckert,single,1,,1,0.535327
bruckert,single,1,,1,0.946877
bruckert,single,4,,1,0.581723
bruckert,single,4,,1,0.800121
bruckert,single,1,,0,0.654532
bruckert,single,1,,1,1.301362
bruckert,single,3,,1,0.474224
bruckert,single,2,,1,0.690287
bruckert,single,1,,1,0.511111
bruckert,single,3,,1,1.30911
bruckert,single,4,,1,0.621531
bruckert,single,2,,0,2.126963
bruckert,single,2,,0,0.861841
bruckert,single,3,,1,0.812815
bruckert,single,2,,1,0.626643
bruckert,single,3,,1,0.511176
bruckert,single,1,,1,0.944597
bruckert,single,1,,1,0.440884
bruckert,single,3,,1,0.55271
bruckert,single,3,,0,1.2697
bruckert,single,2,,1,0.542902
bruckert,single,1,,0,0.625249
bruckert,single,4,,1,1.391548
bruckert,single,1,,1,0.48219
bruckert,single,2,,0,0.780259
bruckert,single,3,,1,0.453587
bruckert,single,4,,1,0.421045
bruckert,single,1,,1,0.545823
bruckert,single,3,,1,0.655871
bruckert,single,1,,0,0.640931
bruckert,single,4,,1,0.418158
bruckert,single,4,,1,0.708016
bruckert,single,2,,1,1.00113
bruckert,single,4,,1,0.654774
bruckert,single,1,,1,0.503375
bruckert,single,3,,1,0.942687
bruckert,single,4,,1,1.318374
bruckert,single,2,,0,1.29545
bruckert,single,4,,1,1.206674
bruckert,single,1,,1,0.999756
bruckert,single,4,,1,0.740457
bruckert,single,1,,1,0.474096
bruckert,single,4,,1,1.572953
bruckert,single,2,,1,0.669692
bruckert,single,1,,1,14.527552
bruckert,single,1,,1,0.354338
bruckert,single,1,,1,0.384
bruckert,single,3,,1,1.75847
bruckert,single,3,,1,0.417293
bruckert,single,1,,1,0.54828
bruckert,single,4,,1,0.633545
bruckert,single,2,,1,0.465405
bruckert,single,1,,1,0.530898
bruckert,single,2,,1,0.439423
bruckert,single,4,,1,0.595145
bruckert,single,3,,1,0.524784
bruckert,single,1,,1,0.706559
bruckert,single,3,,1,29.35346
bruckert,single,3,,1,0.491496
bruckert,single,4,,0,1.229644
bruckert,single,3,,1,0.655002
bruckert,single,2,,1,0.416865
bruckert,single,4,,1,0.349554
bruckert,single,3,,1,0.704599
bruckert,single,4,,1,0.745564
bruckert,single,4,,1,1.46044
bruckert,single,2,,1,0.614537
bruckert,single,4,,1,0.575887
bruckert,single,4,,1,1.117569
bruckert,single,4,,1,0.401933
bruckert,single,1,,1,1.077741
bruckert,single,2,,1,0.638771
bruckert,single,2,,1,0.914403
bruckert,single,1,,1,0.615602
bruckert,single,3,,1,0.376105
bruckert,single,4,,1,1.23929
bruckert,single,1,,1,0.815825
bruckert,single,1,,0,0.700222
bruckert,single,1,,1,0.522154
bruckert,single,4,,1,1.495288
bruckert,single,3,,1,0.665354
bruckert,single,1,,1,0.561674
bruckert,single,1,,0,0.676111
bruckert,single,3,,1,0.374285
bruckert,single,4,,1,0.601173
bruckert,single,3,,0,0.58145
bruckert,single,4,,0,0.612959
bruckert,single,4,,0,0.530513
bruckert,single,3,,1,1.344638
bruckert,single,3,,0,1.838702
bruckert,single,4,,1,0.597364
bruckert,single,4,,1,0.535896
bruckert,single,3,,1,0.543199
bruckert,single,4,,0,1.325191
bruckert,single,1,,1,2.03838
bruckert,single,1,,0,0.801647
bruckert,single,2,,0,1.199918
bruckert,single,3,,1,0.641962
bruckert,single,4,,1,0.676929
bruckert,single,4,,0,0.424608
bruckert,single,1,,1,0.444086
bruckert,single,1,,1,1.465138
bruckert,single,3,,0,1.716855
bruckert,single,2,,1,0.746832
bruckert,single,4,,1,0.702216
bruckert,single,3,,1,0.571625
bruckert,single,2,,1,1.006269
bruckert,single,2,,1,0.495469
bruckert,single,2,,1,0.462565
bruckert,single,2,,1,0.534328
bruckert,single,1,,1,1.414569
bruckert,single,3,,1,2.583561
bruckert,single,4,,1,0.526437
bruckert,single,2,,1,0.557645
bruckert,single,2,,1,0.360491
bruckert,single,4,,1,0.463216
bruckert,single,4,,1,0.637032
bruckert,single,4,,1,0.807746
bruckert,single,4,,1,0.554539
bruckert,single,3,,1,0.642409
bruckert,single,3,,1,0.804979
bruckert,single,1,,1,0.706719
bruckert,single,1,,0,0.929116
bruckert,single,1,,1,0.525196
bruckert,single,3,,1,0.626284
bruckert,single,3,,1,1.031586
bruckert,single,2,,1,0.496097
bruckert,single,1,,1,0.549859
bruckert,single,2,,1,0.538615
bruckert,single,3,,1,1.587252
bruckert,single,3,,0,0.720559
bruckert,single,4,,0,2.870248
bruckert,single,1,,1,0.516165
bruckert,single,4,,1,0.693616
bruckert,single,1,,1,0.518871
bruckert,single,1,,1,0.437139
bruckert,single,1,,0,0.591937
bruckert,single,3,,0,0.563888
bruckert,single,1,,1,0.651703
bruckert,single,3,,1,3.783879
bruckert,single,2,,1,0.543098
bruckert,single,4,,0,3.836434
bruckert,single,3,,1,0.513959
bruckert,single,3,,1,0.922909
bruckert,single,2,,0,2.573072
bruckert,single,1,,1,0.554391
bruckert,single,4,,1,0.44038
bruckert,single,1,,1,0.588595
bruckert,single,3,,0,0.767192
bruckert,single,3,,1,0.510595
bruckert,single,1,,0,1.065124
bruckert,single,2,,1,1.992764
bruckert,single,2,,1,0.554181
bruckert,single,4,,0,1.000772
bruckert,single,3,,0,1.413602
bruckert,single,4,,0,1.808473
bruckert,single,1,,1,0.731931
bruckert,single,2,,1,0.489556
bruckert,single,2,,1,2.583667
bruckert,single,1,,1,0.449706
bruckert,single,2,,1,0.612736
bruckert,single,1,,1,0.760641
bruckert,single,3,,0,0.841857
bruckert,single,1,,1,0.652074
bruckert,single,1,,0,0.492639
bruckert,single,4,,1,0.643839
bruckert,single,4,,1,0.374405
bruckert,single,3,,1,0.494346
bruckert,single,3,,1,0.513634
bruckert,single,1,,1,0.480487
bruckert,single,4,,1,0.472172
bruckert,single,1,,1,0.461319
bruckert,single,1,,1,0.759632
bruckert,single,3,,1,0.662784
bruckert,single,2,,1,0.552126
bruckert,single,4,,1,1.098618
bruckert,single,2,,0,1.922586
bruckert,single,2,,1,0.561174
bruckert,single,2,,1,0.721027
bruckert,single,4,,1,2.104032
bruckert,single,3,,0,0.758472
bruckert,single,4,,1,0.453432
bruckert,single,4,,1,5.327983
bruckert,single,1,,1,0.460265
bruckert,single,1,,1,1.03668
bruckert,single,1,,1,0.482526
bruckert,single,3,,1,0.513167
bruckert,single,1,,1,0.477901
bruckert,single,1,,0,0.799268
bruckert,single,4,,1,0.715
bruckert,single,3,,1,0.457667
bruckert,single,1,,1,0.636735
bruckert,single,4,,1,0.751356
bruckert,single,2,,1,0.651724
bruckert,single,3,,1,0.605212
bruckert,single,3,,1,0.504335
bruckert,single,2,,1,0.452493
bruckert,single,4,,1,0.900452
bruckert,single,1,,1,2.15672
bruckert,single,1,,0,0.683592
bruckert,single,3,,1,0.889473
bruckert,single,4,,1,1.692423
bruckert,single,4,,1,2.473159
bruckert,single,4,,1,0.640054
bruckert,single,1,,1,0.570861
bruckert,single,1,,0,1.042458
bruckert,single,3,,1,1.190089
bruckert,single,4,,1,0.771923
bruckert,single,1,,1,0.647724
bruckert,single,1,,1,0.598234
bruckert,single,1,,0,0.722345
bruckert,single,4,,1,0.950633
bruckert,single,3,,0,1.87877
bruckert,single,2,,1,0.486164
bruckert,single,3,,1,1.501841
bruckert,single,3,,1,1.844663
bruckert,single,4,,1,1.763674
bruckert,single,4,,0,1.346188
bruckert,single,4,,1,0.639766
bruckert,single,2,,0,1.21937
bruckert,single,2,,0,0.920951
bruckert,single,2,,1,0.534075
bruckert,single,1,,1,0.420888
bruckert,single,4,,0,2.478271
bruckert,single,1,,1,0.932882
bruckert,single,2,,1,1.121174
bruckert,single,4,,1,0.64636
bruckert,single,1,,1,0.452964
bruckert,single,3,,1,1.740763
bruckert,single,2,,1,0.559306
bruckert,single,1,,1,0.598235
bruckert,single,4,,1,0.490302
bruckert,single,3,,1,0.802496
bruckert,single,1,,0,2.091411
bruckert,single,3,,1,0.951602
bruckert,single,1,,1,0.915067
bruckert,single,3,,1,0.811055
bruckert,single,1,,1,0.599188
bruckert,single,4,,1,0.434413
bruckert,single,1,,1,0.564312
bruckert,single,3,,1,0.522328
bruckert,single,1,,1,0.424233
bruckert,single,1,,1,0.614319
bruckert,single,2,,1,0.806572
bruckert,single,3,,1,1.115094
bruckert,single,1,,1,1.070131
bruckert,single,2,,0,0.8028
bruckert,single,2,,1,0.586824
bruckert,single,3,,0,0.526555
bruckert,single,3,,1,0.65257
bruckert,single,3,,1,0.412789
bruckert,single,2,,1,0.526433
bruckert,single,3,,1,0.558587
bruckert,single,2,,1,0.401775
bruckert,single,3,,0,0.433244
bruckert,single,4,,0,0.533174
bruckert,single,2,,1,0.676948
bruckert,single,1,,1,0.875406
bruckert,single,4,,1,1.181993
bruckert,single,4,,1,1.58455
bruckert,single,1,,0,1.164715
bruckert,single,2,,1,1.231675
bruckert,single,3,,1,0.983029
bruckert,single,1,,1,0.94916
bruckert,single,2,,0,1.625938
bruckert,single,1,,0,0.841829
bruckert,single,1,,0,1.730863
bruckert,single,1,,1,0.602029
bruckert,single,4,,0,2.244344
bruckert,single,3,,1,0.739675
bruckert,single,2,,1,1.287716
bruckert,single,2,,1,0.550173
bruckert,single,4,,1,0.733688
bruckert,single,3,,1,0.734872
bruckert,single,3,,1,0.827619
bruckert,single,1,,1,0.700739
bruckert,single,2,,1,0.738646
bruckert,single,4,,1,0.658236
bruckert,single,3,,1,1.616904
bruckert,single,1,,0,0.579675
bruckert,single,2,,1,0.557887
bruckert,single,1,,1,0.502329
bruckert,single,4,,1,0.559751
bruckert,single,4,,1,0.764172
bruckert,single,1,,1,0.550746
bruckert,single,3,,1,0.382278
bruckert,single,2,,1,0.599955
bruckert,single,1,,1,0.544193
bruckert,single,4,,1,0.391653
bruckert,single,2,,1,0.331512
bruckert,single,3,,1,0.633755
bruckert,single,4,,1,0.536405
bruckert,single,2,,1,0.742086
bruckert,single,1,,1,0.581435
bruckert,single,4,,1,0.47521
bruckert,single,4,,0,0.636394
bruckert,single,1,,1,0.444179
bruckert,single,2,,1,0.676095
bruckert,single,3,,0,1.667087
bruckert,single,2,,1,1.163591
bruckert,single,4,,1,0.952272
bruckert,single,3,,1,0.553996
bruckert,single,4,,1,0.857152
bruckert,single,4,,1,0.608539
bruckert,single,3,,0,0.761813
bruckert,single,2,,1,1.623899
bruckert,single,2,,1,0.660863
bruckert,single,4,,1,0.669646
bruckert,single,2,,1,0.443438
bruckert,single,3,,1,0.669473
bruckert,single,1,,1,0.503602
bruckert,single,2,,1,1.087267
bruckert,single,2,,1,1.2668
bruckert,single,2,,1,0.565173
bruckert,single,1,,1,0.583673
bruckert,single,4,,0,0.66765
bruckert,single,2,,1,1.574924
bruckert,single,1,,1,0.80088
bruckert,single,4,,1,0.598394
bruckert,single,1,,0,0.578701
bruckert,single,4,,0,1.014642
bruckert,single,1,,1,0.642677
bruckert,single,4,,0,0.565576
bruckert,single,4,,1,0.537963
bruckert,single,4,,1,0.870143
bruckert,single,4,,1,1.508545
bruckert,single,4,,1,0.526306
bruckert,single,4,,0,1.0149
bruckert,single,2,,0,1.323091
bruckert,single,2,,1,0.399016
bruckert,single,2,,0,0.442102
bruckert,single,3,,0,0.965764
bruckert,single,4,,0,1.353585
bruckert,single,3,,1,0.694187
bruckert,single,3,,1,0.772123
bruckert,single,1,,1,0.685239
bruckert,single,4,,1,0.795584
bruckert,single,4,,0,1.333276
bruckert,single,1,,0,1.945496
bruckert,single,4,,0,0.627606
bruckert,single,4,,1,0.473333
bruckert,single,1,,1,0.610945
bruckert,single,2,,1,1.480414
bruckert,single,3,,1,1.432072
bruckert,single,4,,1,0.641145
bruckert,single,3,,1,0.487952
bruckert,single,2,,1,0.855192
bruckert,single,1,,1,0.457396
bruckert,single,3,,1,0.50563
bruckert,single,1,,1,0.366867
bruckert,single,2,,1,0.659908
bruckert,single,4,,1,0.505087
bruckert,single,1,,1,0.534269
bruckert,single,3,,1,0.58115000000000006
bruckert,single,2,,1,0.465694
bruckert,single,2,,1,0.612982
bruckert,single,1,,1,0.448755
bruckert,single,4,,1,0.539767
bruckert,single,1,,1,0.362124
bruckert,single,4,,0,0.566201
bruckert,single,3,,1,0.7143
bruckert,single,1,,1,1.132904
bruckert,single,4,,1,0.731093
bruckert,single,2,,1,0.63916
bruckert,single,2,,0,0.899455
bruckert,single,3,,1,1.840559
bruckert,single,3,,0,0.609247
bruckert,single,2,,0,0.693918
bruckert,single,2,,1,0.910718
bruckert,single,2,,1,0.803665
bruckert,single,2,,1,0.505173
bruckert,single,2,,1,0.582174
bruckert,single,4,,0,2.276238
bruckert,single,3,,0,0.644735
bruckert,single,1,,1,0.829562
bruckert,single,1,,0,2.816784
bruckert,single,1,,1,1.609875
bruckert,single,1,,1,0.947687
bruckert,single,2,,1,0.709203
bruckert,single,1,,1,0.675834
bruckert,single,2,,1,0.522345
bruckert,single,3,,1,1.146786
bruckert,single,1,,1,0.536557
bruckert,single,3,,1,0.686009
bruckert,single,1,,1,2.704818
bruckert,single,4,,1,0.653042
bruckert,single,1,,1,0.702159
bruckert,single,3,,1,0.770768
bruckert,single,4,,0,1.158616
bruckert,single,2,,0,0.667783
bruckert,single,4,,0,0.78979
bruckert,single,3,,1,0.672928
bruckert,single,3,,1,0.542419
bruckert,single,4,,1,0.474602
bruckert,single,3,,1,0.538502
bruckert,single,1,,1,0.543813
bruckert,single,4,,1,0.766378
bruckert,single,3,,1,0.601617
bruckert,single,3,,0,1.461032
bruckert,single,3,,1,1.267952
bruckert,single,4,,0,1.74366
bruckert,single,4,,1,0.49082
bruckert,single,1,,1,0.756436
bruckert,single,1,,1,1.974075
bruckert,single,4,,1,0.469606
bruckert,single,3,,1,0.460347
bruckert,single,1,,1,0.442323
bruckert,single,4,,1,0.428043
bruckert,single,4,,1,0.540938
bruckert,single,4,,1,0.926307
bruckert,single,1,,1,0.400561
bruckert,single,3,,1,0.426863
bruckert,single,3,,1,0.551332
bruckert,single,2,,1,0.459887
bruckert,single,3,,0,0.581821
bruckert,single,1,,1,0.684236
bruckert,single,3,,0,0.557288
bruckert,single,3,,1,0.619973
bruckert,single,2,,1,0.479237
bruckert,single,4,,1,0.614345
bruckert,single,3,,1,1.014643
bruckert,single,1,,1,0.383563
bruckert,single,3,,1,0.587058
bruckert,single,1,,1,0.942746
bruckert,single,2,,1,0.449645
bruckert,single,1,,1,0.62655
bruckert,single,3,,1,0.62044
bruckert,single,3,,1,0.548754
bruckert,single,3,,0,0.66457599999999994
bruckert,single,1,,1,0.499204
bruckert,single,1,,0,0.695566
bruckert,single,2,,1,0.887008
bruckert,single,4,,1,0.622397
bruckert,single,1,,0,1.575331
bruckert,single,1,,1,0.641721
bruckert,single,4,,1,1.637775
bruckert,single,1,,1,0.52128
bruckert,single,3,,1,0.529335
bruckert,single,2,,1,0.916309
bruckert,single,1,,1,0.529549
bruckert,single,4,,1,0.488921
bruckert,single,2,,1,0.433478
bruckert,single,2,,1,0.466242
bruckert,single,4,,1,0.939085
bruckert,single,4,,1,0.519403
bruckert,single,4,,0,0.537649
bruckert,single,4,,1,0.527533
bruckert,single,4,,1,0.631945
bruckert,single,1,,0,1.435271
bruckert,single,1,,1,0.589136
bruckert,single,3,,1,0.513842
bruckert,single,2,,1,0.672411
bruckert,single,4,,1,1.210336
bruckert,single,4,,0,0.876783
bruckert,single,3,,1,0.724975
bruckert,single,2,,1,1.49128
bruckert,single,4,,0,2.177036
bruckert,single,3,,0,2.22123
bruckert,single,3,,1,1.540559
bruckert,single,2,,1,1.594994
bruckert,single,3,,0,0.532867
bruckert,single,2,,1,0.454759
bruckert,single,3,,1,0.528687
bruckert,dual,4,3,1,0.663318
bruckert,dual,2,1,1,0.781553
bruckert,dual,1,2,1,0.38725
bruckert,dual,3,4,1,1.107727
bruckert,dual,1,2,1,1.513931
bruckert,dual,3,4,1,0.809571
bruckert,dual,2,1,1,1.045059
bruckert,dual,2,1,1,0.741445
bruckert,dual,1,2,1,0.983808
bruckert,dual,1,2,1,2.392926
bruckert,dual,2,1,1,0.933958
bruckert,dual,4,3,1,0.601015
bruckert,dual,4,3,0,0.834015
bruckert,dual,3,4,1,1.315768
bruckert,dual,2,1,1,0.527968
bruckert,dual,1,2,1,1.224526
bruckert,dual,1,2,1,0.690895
bruckert,dual,2,1,1,0.960106
bruckert,dual,2,1,1,0.834857
bruckert,dual,2,1,1,0.64231799999999994
bruckert,dual,3,4,0,1.682871
bruckert,dual,4,3,0,1.125601
bruckert,dual,4,3,1,1.097208
bruckert,dual,2,1,1,0.621349
bruckert,dual,2,1,1,0.599437
bruckert,dual,2,1,1,0.623637
bruckert,dual,4,3,1,0.553573
bruckert,dual,3,4,1,0.927462
bruckert,dual,4,3,1,0.502072
bruckert,dual,4,3,0,0.727329
bruckert,dual,4,3,1,0.589631
bruckert,dual,3,4,1,2.196286
bruckert,dual,3,4,1,0.631888
bruckert,dual,1,2,0,1.101801
bruckert,dual,1,2,1,0.813772
bruckert,dual,1,2,1,0.511273
bruckert,dual,2,1,0,1.140679
bruckert,dual,1,2,1,0.804084
bruckert,dual,2,1,1,1.092322
bruckert,dual,3,4,1,0.807186
bruckert,dual,3,2,0,1.526147
bruckert,dual,1,4,1,1.467983
bruckert,dual,1,4,1,0.579412
bruckert,dual,3,2,0,1.045669
bruckert,dual,1,4,0,1.252955
bruckert,dual,2,3,1,0.762688
bruckert,dual,2,3,1,2.62858
bruckert,dual,4,1,1,0.599931
bruckert,dual,3,2,1,0.532674
bruckert,dual,3,2,1,0.381001
bruckert,dual,4,1,0,2.647154
bruckert,dual,2,3,1,1.264274
bruckert,dual,1,4,0,0.815815
bruckert,dual,3,2,1,0.385348
bruckert,dual,3,2,1,0.849335
bruckert,dual,3,2,0,1.489861
bruckert,dual,3,2,1,1.961206
bruckert,dual,2,3,1,1.083707
bruckert,dual,3,2,1,1.121586
bruckert,dual,1,4,0,1.311997
bruckert,dual,3,2,1,1.325073
bruckert,dual,3,2,1,0.813163
bruckert,dual,4,1,1,0.566201
bruckert,dual,4,1,1,1.099541
bruckert,dual,2,3,1,0.965106
bruckert,dual,4,1,1,0.630771
bruckert,dual,1,4,1,1.120602
bruckert,dual,2,3,1,1.199231
bruckert,dual,2,3,0,0.592388
bruckert,dual,2,3,1,1.252481
bruckert,dual,2,3,1,1.267185
bruckert,dual,1,4,0,1.267666
bruckert,dual,3,2,1,1.202542
bruckert,dual,3,2,1,0.610985
bruckert,dual,2,3,0,1.181929
bruckert,dual,2,3,1,1.027542
bruckert,dual,2,3,1,1.166321
bruckert,dual,3,2,1,0.458759
bruckert,dual,1,4,1,0.75015
bruckert,dual,3,2,0,0.612732
bruckert,dual,1,4,1,0.898857
bruckert,dual,1,4,1,0.554434
bruckert,dual,2,3,1,1.071002
bruckert,dual,1,4,1,0.359788
bruckert,dual,3,2,1,0.850687
bruckert,dual,4,1,1,0.567634
bruckert,dual,2,3,1,1.486924
bruckert,dual,4,1,1,0.828785
bruckert,dual,4,1,1,0.40107
bruckert,dual,4,1,1,0.698996
bruckert,dual,3,2,1,1.598621
bruckert,dual,3,2,0,1.403426
bruckert,dual,3,2,1,0.692041
bruckert,dual,3,2,1,0.558479
bruckert,dual,2,3,1,0.906655
bruckert,dual,3,2,1,1.118957
bruckert,dual,3,2,1,0.660414
bruckert,dual,1,4,0,1.03502
bruckert,dual,3,2,1,0.850313
bruckert,dual,2,3,1,1.619762
bruckert,dual,4,1,1,1.368032
bruckert,dual,1,4,1,0.797043
bruckert,dual,2,3,1,0.69857
bruckert,dual,2,3,1,1.068486
bruckert,dual,1,4,1,1.302776
bruckert,dual,3,2,1,0.76533
bruckert,dual,1,4,1,0.822814
bruckert,dual,1,4,0,1.851767
bruckert,dual,4,1,1,0.916638
bruckert,dual,2,3,0,0.695755
bruckert,dual,2,3,1,2.388295
bruckert,dual,2,3,1,1.190066
bruckert,dual,3,2,1,0.509752
bruckert,dual,1,4,0,0.842887
bruckert,dual,1,4,1,0.428955
bruckert,dual,2,3,1,0.462553
bruckert,dual,2,3,1,0.463969
bruckert,dual,4,1,0,0.538792
bruckert,dual,2,3,0,1.376041
bruckert,dual,2,3,1,0.786894
bruckert,dual,1,2,1,0.686898
bruckert,dual,2,1,1,1.115686
bruckert,dual,3,4,1,1.148005
bruckert,dual,2,1,1,0.721158
bruckert,dual,3,4,1,0.632816
bruckert,dual,1,2,1,0.811027
bruckert,dual,2,1,0,0.405505
bruckert,dual,1,2,1,0.472932
bruckert,dual,1,2,0,1.610913
bruckert,dual,4,3,1,0.699981
bruckert,dual,2,1,0,1.00427
bruckert,dual,1,2,1,1.080355
bruckert,dual,3,4,1,0.768791
bruckert,dual,2,1,1,0.870117
bruckert,dual,4,3,1,0.748457
bruckert,dual,2,1,1,0.76612
bruckert,dual,4,3,1,1.151627
bruckert,dual,2,1,1,0.69048
bruckert,dual,2,1,0,1.68366
bruckert,dual,3,4,1,0.699928
bruckert,dual,3,4,1,0.603657
bruckert,dual,1,2,0,2.27353
bruckert,dual,2,1,1,0.591996
bruckert,dual,2,1,1,0.506274
bruckert,dual,1,2,1,0.72007
bruckert,dual,3,4,1,0.790387
bruckert,dual,1,2,1,0.882298
bruckert,dual,3,4,0,0.531342
bruckert,dual,2,1,1,0.391982
bruckert,dual,3,4,1,0.825449
bruckert,dual,3,4,1,0.794292
bruckert,dual,4,3,1,0.446024
bruckert,dual,1,2,1,0.926185
bruckert,dual,1,2,1,1.154724
bruckert,dual,3,4,1,0.674768
bruckert,dual,3,4,1,1.131741
bruckert,dual,1,2,1,1.232649
bruckert,dual,4,3,1,1.229062
bruckert,dual,3,4,1,0.592863
bruckert,dual,1,2,0,1.214729
bruckert,dual,1,2,1,0.721458
bruckert,dual,4,3,1,0.649682
bruckert,dual,4,3,1,0.401975
bruckert,dual,4,3,1,0.370143
bruckert,dual,3,4,1,0.488952
bruckert,dual,1,2,1,0.768628
bruckert,dual,1,2,0,1.125758
bruckert,dual,3,4,1,0.531447
bruckert,dual,2,1,1,1.102872
bruckert,dual,3,4,0,0.737946
bruckert,dual,3,4,1,0.649096
bruckert,dual,3,4,1,0.570677
bruckert,dual,1,2,1,1.589524
bruckert,dual,3,4,1,0.60168
bruckert,dual,2,1,1,0.761025
bruckert,dual,3,4,1,0.66590800000000006
bruckert,dual,4,3,1,0.786305
bruckert,dual,2,1,1,1.091534
bruckert,dual,2,1,0,0.611464
bruckert,dual,3,4,1,0.726123
bruckert,dual,3,4,1,1.730085
bruckert,dual,3,4,0,1.022428
bruckert,dual,3,4,1,1.438197
bruckert,dual,3,4,1,1.662345
bruckert,dual,3,4,1,0.805268
bruckert,dual,2,1,0,2.071269
bruckert,dual,2,1,1,0.660266
bruckert,dual,4,3,1,2.342839
bruckert,dual,4,3,1,0.644245
bruckert,dual,2,1,1,1.362685
bruckert,dual,1,2,0,0.83168
bruckert,dual,3,4,1,0.863834
bruckert,dual,4,3,1,1.238216
bruckert,dual,3,4,1,1.748576
bruckert,dual,3,4,0,1.055031
bruckert,dual,3,4,1,0.825785
bruckert,dual,4,3,1,0.815885
bruckert,dual,3,4,1,0.626166
bruckert,dual,1,2,0,2.155167
bruckert,dual,2,1,1,0.509347
bruckert,dual,3,2,1,0.452639
bruckert,dual,3,2,1,1.141421
bruckert,dual,3,2,1,0.519331
bruckert,dual,4,1,1,0.479016
bruckert,dual,2,3,1,0.708338
bruckert,dual,2,3,0,0.401959
bruckert,dual,1,4,1,0.762552
bruckert,dual,3,2,1,1.46827
bruckert,dual,2,3,1,0.870161
bruckert,dual,1,4,0,0.959979
bruckert,dual,3,2,1,0.595028
bruckert,dual,2,3,1,1.165918
bruckert,dual,4,1,1,0.437444
bruckert,dual,3,2,1,0.565583
bruckert,dual,4,1,1,0.857404
bruckert,dual,3,2,1,0.642564
bruckert,dual,4,1,0,0.478853
bruckert,dual,2,3,1,1.394564
bruckert,dual,3,2,1,0.718404
bruckert,dual,3,2,1,0.529563
bruckert,dual,2,3,1,1.179314
bruckert,dual,3,2,1,1.891929
bruckert,dual,2,3,0,1.301129
bruckert,dual,2,3,0,1.24943
bruckert,dual,2,3,1,0.886697
bruckert,dual,3,2,0,0.909612
bruckert,dual,3,2,0,0.815002
bruckert,dual,4,1,1,0.586125
bruckert,dual,1,4,1,1.371979
bruckert,dual,1,4,1,1.52604
bruckert,dual,4,1,1,0.365757
bruckert,dual,1,4,1,2.152029
bruckert,dual,4,1,1,0.937035
bruckert,dual,4,1,1,0.663683
bruckert,dual,1,4,0,0.534486
bruckert,dual,3,2,1,0.388327
bruckert,dual,3,2,1,1.16923
bruckert,dual,1,4,1,1.284736
bruckert,dual,3,2,1,0.85751
bruckert,dual,4,1,1,0.507982
bruckert,dual,2,3,0,1.080906
bruckert,dual,2,3,1,1.050817
bruckert,dual,3,2,1,0.731808
bruckert,dual,4,1,1,0.3653
bruckert,dual,3,2,1,0.5933
bruckert,dual,2,3,1,0.684557
bruckert,dual,4,1,1,0.481337
bruckert,dual,1,4,1,1.143057
bruckert,dual,2,3,0,0.908771
bruckert,dual,4,1,1,0.382897
bruckert,dual,4,1,1,0.416965
bruckert,dual,3,2,1,0.655975
bruckert,dual,2,3,1,0.738388
bruckert,dual,2,3,0,1.435281
bruckert,dual,1,4,0,0.620227
bruckert,dual,2,3,1,1.140903
bruckert,dual,3,2,1,0.706157
bruckert,dual,3,2,1,0.771019
bruckert,dual,1,4,0,0.501351
bruckert,dual,4,1,1,0.594172
bruckert,dual,4,1,1,0.426541
bruckert,dual,3,2,1,0.479145
bruckert,dual,4,1,1,0.663704
bruckert,dual,2,3,0,1.137685
bruckert,dual,2,3,1,1.438316
bruckert,dual,4,1,1,1.165812
bruckert,dual,3,2,1,1.043505
bruckert,dual,2,3,0,0.890551
bruckert,dual,3,2,1,0.520463
bruckert,dual,4,1,1,0.547983
bruckert,dual,1,4,0,1.427028
bruckert,dual,3,2,1,0.790057
bruckert,dual,2,3,1,1.216187
bruckert,dual,1,4,1,0.878445
bruckert,dual,2,3,0,1.921624
bruckert,dual,4,1,1,0.632427
bruckert,dual,2,3,1,0.871715
bruckert,dual,2,3,0,0.622742
bruckert,dual,1,4,1,0.718807
bruckert,dual,1,4,0,1.363075
bruckert,dual,4,3,0,1.695983
bruckert,dual,2,1,1,0.716984
bruckert,dual,3,4,0,0.733009
bruckert,dual,3,4,0,0.8162
bruckert,dual,1,2,0,0.772436
bruckert,dual,2,1,1,0.530556
bruckert,dual,4,3,0,1.269196
bruckert,dual,1,2,1,0.539265
bruckert,dual,3,4,1,1.217795
bruckert,dual,4,3,1,2.458043
bruckert,dual,1,2,1,1.128165
bruckert,dual,4,3,0,0.464752
bruckert,dual,1,2,0,0.55075
bruckert,dual,2,1,1,1.178335
bruckert,dual,1,2,0,1.741765
bruckert,dual,2,1,1,0.496552
bruckert,dual,1,2,0,2.160789
bruckert,dual,4,3,0,0.958563
bruckert,dual,3,4,1,0.77165
bruckert,dual,4,3,1,0.876285
bruckert,dual,4,3,0,0.606598
bruckert,dual,4,3,1,0.793659
bruckert,dual,2,1,1,1.349309
bruckert,dual,1,2,0,1.314688
bruckert,dual,1,2,1,1.00922
bruckert,dual,4,3,1,1.712494
bruckert,dual,2,1,1,1.235058
bruckert,dual,2,1,1,0.691973
bruckert,dual,3,4,1,0.411537
bruckert,dual,2,1,1,0.669688
bruckert,dual,2,1,1,0.708797
bruckert,dual,1,2,1,1.816592
bruckert,dual,4,3,0,0.848183
bruckert,dual,1,2,1,0.530477
bruckert,dual,3,4,1,1.912533
bruckert,dual,2,1,1,0.768376
bruckert,dual,2,1,1,0.980726
bruckert,dual,1,2,1,1.374157
bruckert,dual,1,2,1,0.884414
bruckert,dual,4,3,1,0.934578
bruckert,dual,3,4,0,0.64343
bruckert,dual,3,4,1,0.573096
bruckert,dual,4,3,1,0.90252
bruckert,dual,4,3,0,0.504289
bruckert,dual,2,1,1,0.752517
bruckert,dual,1,2,1,1.65991
bruckert,dual,2,1,1,0.949493
bruckert,dual,4,3,0,1.472007
bruckert,dual,2,1,1,2.40031
bruckert,dual,4,3,1,0.647936
bruckert,dual,1,2,0,0.655313
bruckert,dual,4,3,1,0.921222
bruckert,dual,4,3,0,0.82407
bruckert,dual,1,2,0,0.882735
bruckert,dual,1,2,0,1.070173
bruckert,dual,4,3,0,0.725889
bruckert,dual,2,1,1,0.804471
bruckert,dual,4,3,0,0.774526
bruckert,dual,2,1,1,0.665173
bruckert,dual,3,4,1,0.680939
bruckert,dual,4,3,0,1.573777
bruckert,dual,3,4,1,0.644249
bruckert,dual,1,2,0,0.709304
bruckert,dual,4,3,1,1.130518
bruckert,dual,3,4,1,0.919699
bruckert,dual,1,2,0,1.269018
bruckert,dual,2,1,1,0.780533
bruckert,dual,1,2,0,1.090723
bruckert,dual,1,2,0,0.792039
bruckert,dual,3,4,1,0.570803
bruckert,dual,3,4,1,0.469666
bruckert,dual,4,3,0,1.222492
bruckert,dual,1,2,1,0.817172
bruckert,dual,2,1,1,0.600604
bruckert,dual,3,4,1,1.353021
bruckert,dual,2,1,1,0.591434
bruckert,dual,2,1,1,0.614023
bruckert,dual,1,2,1,0.518208
bruckert,dual,2,1,1,0.730476
bruckert,dual,3,4,1,0.676603
bruckert,dual,3,2,1,0.515584
bruckert,dual,3,2,1,0.849076
bruckert,dual,2,3,1,0.745492
bruckert,dual,4,1,1,0.429238
bruckert,dual,1,4,0,1.236331
bruckert,dual,4,1,1,0.508339
bruckert,dual,1,4,1,0.890568
bruckert,dual,4,1,1,0.435442
bruckert,dual,4,1,1,0.731326
bruckert,dual,2,3,0,0.791979
bruckert,dual,4,1,1,0.561925
bruckert,dual,1,4,0,1.155832
bruckert,dual,4,1,1,0.618858
bruckert,dual,2,3,0,1.397245
bruckert,dual,1,4,1,0.902376
bruckert,dual,3,2,1,1.277425
bruckert,dual,1,4,1,1.022676
bruckert,dual,3,2,1,1.174142
bruckert,dual,1,4,1,1.228341
bruckert,dual,4,1,1,1.41438
bruckert,dual,1,4,1,0.561899
bruckert,dual,4,1,1,0.77038
bruckert,dual,4,1,1,1.031102
bruckert,dual,3,2,1,0.622676
bruckert,dual,3,2,1,0.793956
bruckert,dual,2,3,1,0.914227
bruckert,dual,2,3,1,0.71451
bruckert,dual,3,2,0,0.821287
bruckert,dual,1,4,1,0.949692
bruckert,dual,2,3,0,1.219816
bruckert,dual,4,1,1,1.037177
bruckert,dual,3,2,1,0.733882
bruckert,dual,1,4,1,0.978072
bruckert,dual,2,3,1,0.815786
bruckert,dual,1,4,0,0.796984
bruckert,dual,4,1,1,0.812741
bruckert,dual,2,3,1,0.768578
bruckert,dual,1,4,0,0.567405
bruckert,dual,3,2,0,0.922988
bruckert,dual,1,4,1,2.161901
bruckert,dual,1,2,0,0.912453
bruckert,dual,4,3,0,1.735447
bruckert,dual,4,3,1,1.981299
bruckert,dual,3,4,1,0.530052
bruckert,dual,1,2,1,0.861757
bruckert,dual,4,3,0,0.637454
bruckert,dual,1,2,1,1.068594
bruckert,dual,4,3,0,1.263618
bruckert,dual,4,3,0,0.887715
bruckert,dual,4,3,0,0.800356
bruckert,dual,3,4,1,0.628136
bruckert,dual,3,4,1,0.822976
bruckert,dual,4,3,0,0.833123
bruckert,dual,2,1,1,0.563015
bruckert,dual,2,1,1,0.478353
bruckert,dual,3,4,1,0.567483
bruckert,dual,1,2,0,0.854041
bruckert,dual,3,4,1,0.429987
bruckert,dual,4,3,1,1.30289
bruckert,dual,3,4,1,0.543108
bruckert,dual,2,1,1,0.882348
bruckert,dual,2,1,1,0.641149
bruckert,dual,4,3,1,0.843715
bruckert,dual,4,3,1,1.170234
bruckert,dual,3,4,1,0.731973
bruckert,dual,2,1,1,0.727179
bruckert,dual,2,1,1,1.235679
bruckert,dual,2,1,0,0.750224
bruckert,dual,2,1,1,0.802936
bruckert,dual,3,4,1,0.613034
bruckert,dual,1,2,1,1.394379
bruckert,dual,1,2,1,1.735337
bruckert,dual,3,4,1,0.571135
bruckert,dual,4,3,0,2.544748
bruckert,dual,2,1,1,0.498542
bruckert,dual,1,2,1,0.819518
bruckert,dual,2,1,0,0.721387
bruckert,dual,2,1,1,1.064881
bruckert,dual,3,4,1,0.74476
bruckert,dual,1,2,0,1.274803
bruckert,dual,3,2,1,0.657644
bruckert,dual,1,4,0,0.603325
bruckert,dual,1,4,0,0.424794
bruckert,dual,1,4,1,0.905399
bruckert,dual,1,4,0,0.875522
bruckert,dual,4,1,1,0.384272
bruckert,dual,1,4,1,0.731052
bruckert,dual,2,3,0,0.512258
bruckert,dual,4,1,1,0.709477
bruckert,dual,4,1,1,0.577435
bruckert,dual,3,2,1,0.686542
bruckert,dual,1,4,1,0.668454
bruckert,dual,4,1,1,0.427674
bruckert,dual,4,1,1,0.747017
bruckert,dual,1,4,1,0.815259
bruckert,dual,2,3,1,0.626559
bruckert,dual,4,1,1,0.579157
bruckert,dual,1,4,1,0.655642
bruckert,dual,1,4,0,0.638916
bruckert,dual,3,2,1,0.558335
bruckert,dual,1,4,0,1.069778
bruckert,dual,1,4,0,0.994604
bruckert,dual,1,4,0,0.835967
bruckert,dual,3,2,1,0.717182
bruckert,dual,4,1,1,0.523229
bruckert,dual,1,4,0,0.871081
bruckert,dual,4,1,1,0.540246
bruckert,dual,2,3,0,0.696263
bruckert,dual,2,3,1,0.839528
bruckert,dual,4,1,1,1.036019
bruckert,dual,4,1,1,0.619884
bruckert,dual,1,4,1,1.52495
bruckert,dual,2,3,1,0.867186
bruckert,dual,3,2,1,1.240653
bruckert,dual,3,2,1,0.600972
bruckert,dual,2,3,0,0.939095
bruckert,dual,3,2,1,0.609584
bruckert,dual,2,3,1,1.333823
bruckert,dual,1,4,1,1.093199
bruckert,dual,1,4,1,0.973176
bruckert,dual,3,2,1,1.482203
bruckert,dual,2,3,1,1.107511
bruckert,dual,4,1,1,0.366914
bruckert,dual,1,4,0,0.86183
bruckert,dual,1,4,1,0.634485
bruckert,dual,4,1,1,0.55905
bruckert,dual,4,1,1,0.566259
bruckert,dual,1,4,0,0.664093
bruckert,dual,4,1,1,0.862262
bruckert,dual,1,4,0,1.236516
bruckert,dual,2,3,0,1.235486
bruckert,dual,1,4,1,0.692492
bruckert,dual,2,3,1,0.555715
bruckert,dual,3,2,1,0.465382
bruckert,dual,1,4,1,2.665726
bruckert,dual,1,4,1,0.634894
bruckert,dual,4,1,1,0.767278
bruckert,dual,2,3,0,0.796081
bruckert,dual,2,3,0,1.012897
bruckert,dual,4,1,1,0.611971
bruckert,dual,2,3,1,1.349001
bruckert,dual,2,3,1,0.823493
bruckert,dual,1,4,1,0.664048
bruckert,dual,2,3,1,1.526447
bruckert,dual,3,2,1,0.675133
bruckert,dual,1,4,0,0.979667
bruckert,dual,4,1,1,0.4873
bruckert,dual,4,1,1,0.515018
bruckert,dual,3,2,1,0.571333
bruckert,dual,1,4,1,1.056576
bruckert,dual,1,4,1,0.792206
bruckert,dual,4,1,1,0.468958
bruckert,dual,3,2,1,0.587992
bruckert,dual,2,3,1,0.639007
bruckert,dual,3,2,1,0.447596
bruckert,dual,3,2,1,0.569197
bruckert,dual,1,4,1,0.987641
bruckert,dual,3,2,1,0.557112
bruckert,dual,3,2,0,0.833667
bruckert,dual,1,4,1,0.846413
bruckert,dual,4,3,0,1.027606
bruckert,dual,1,2,0,0.53081
bruckert,dual,3,4,1,2.425017
bruckert,dual,3,4,1,0.568436
bruckert,dual,2,1,1,0.57318499999999994
bruckert,dual,2,1,1,0.481527
bruckert,dual,2,1,1,0.546895
bruckert,dual,1,2,0,0.542509
bruckert,dual,4,3,1,0.801583
bruckert,dual,3,4,1,0.625703
bruckert,dual,1,2,1,0.763091
bruckert,dual,4,3,1,0.897625
bruckert,dual,4,3,1,1.102773
bruckert,dual,2,1,1,0.590652
bruckert,dual,2,1,1,0.659746
bruckert,dual,2,1,1,0.90689
bruckert,dual,4,3,0,0.809692
bruckert,dual,1,2,0,0.978039
bruckert,dual,3,4,1,0.478658
bruckert,dual,4,3,0,0.852411
bruckert,dual,2,1,1,0.701603
bruckert,dual,3,4,1,0.733111
bruckert,dual,4,3,0,1.091847
bruckert,dual,3,4,1,0.992113
bruckert,dual,4,3,0,1.309332
bruckert,dual,1,2,1,0.796493
bruckert,dual,2,1,1,0.401012
bruckert,dual,2,1,1,0.500593
bruckert,dual,4,3,0,0.59573
bruckert,dual,3,4,1,1.052605
bruckert,dual,3,4,1,0.620972
bruckert,dual,3,4,1,0.644972
bruckert,dual,4,3,1,0.485584
bruckert,dual,4,3,1,0.933751
bruckert,dual,4,3,1,0.391286
bruckert,dual,3,4,1,0.589497
bruckert,dual,4,3,0,0.676909
bruckert,dual,4,3,0,1.251686
bruckert,dual,1,2,0,0.369291
bruckert,dual,2,1,1,0.558906
bruckert,dual,4,1,0,0.659
bruckert,dual,2,3,0,0.724796
bruckert,dual,4,1,1,0.424885
bruckert,dual,1,4,1,0.647831
bruckert,dual,1,4,0,0.585011
bruckert,dual,1,4,1,0.644655
bruckert,dual,2,3,0,0.48242
bruckert,dual,2,3,0,0.501437
bruckert,dual,2,3,1,1.013456
bruckert,dual,1,4,0,0.766976
bruckert,dual,3,2,1,0.594204
bruckert,dual,1,4,1,0.90342
bruckert,dual,1,4,0,1.240605
bruckert,dual,2,3,1,0.823424
bruckert,dual,1,4,1,2.31606
bruckert,dual,1,4,1,0.666248
bruckert,dual,3,2,0,0.548214
bruckert,dual,3,2,1,0.627181
bruckert,dual,2,3,0,1.318298
bruckert,dual,2,3,1,1.264287
bruckert,dual,1,4,1,0.838513
bruckert,dual,3,2,1,0.641352
bruckert,dual,4,1,1,0.597011
bruckert,dual,4,1,1,0.542723
bruckert,dual,4,1,1,0.660388
bruckert,dual,1,4,1,0.836797
bruckert,dual,1,4,1,1.08717
bruckert,dual,4,1,1,0.719468
bruckert,dual,4,1,1,0.490691
bruckert,dual,2,3,1,0.667568
bruckert,dual,2,3,0,0.826481
bruckert,dual,1,4,0,0.750479
bruckert,dual,3,2,1,1.932823
bruckert,dual,3,2,1,0.562768
bruckert,dual,1,4,1,0.926508
bruckert,dual,4,1,1,0.604386
bruckert,dual,1,4,0,0.748453
bruckert,dual,2,3,1,0.64373
bruckert,dual,3,2,1,0.568379
bruckert,dual,4,1,1,0.797248
bruckert,dual,4,3,1,0.736591
bruckert,dual,4,3,1,0.549411
bruckert,dual,3,4,1,0.807517
bruckert,dual,1,2,0,0.820278
bruckert,dual,3,4,1,0.461555
bruckert,dual,1,2,1,1.01079
bruckert,dual,4,3,1,0.668679
bruckert,dual,1,2,0,0.567876
bruckert,dual,2,1,1,0.61901
bruckert,dual,2,1,1,0.621226
bruckert,dual,3,4,1,0.647102
bruckert,dual,2,1,1,0.528087
bruckert,dual,4,3,0,0.756517
bruckert,dual,1,2,1,0.74731
bruckert,dual,3,4,0,0.869212
bruckert,dual,4,3,1,1.317001
bruckert,dual,2,1,1,0.733893
bruckert,dual,1,2,1,0.829699
bruckert,dual,3,4,1,0.806105
bruckert,dual,2,1,1,0.589569
bruckert,dual,2,1,1,0.594023
bruckert,dual,1,2,1,0.611504
bruckert,dual,2,1,1,0.839524
bruckert,dual,4,3,1,1.723023
bruckert,dual,3,4,1,0.976189
bruckert,dual,2,1,1,0.741317
bruckert,dual,2,1,0,1.440115
bruckert,dual,4,3,1,1.163165
bruckert,dual,4,3,1,1.623414
bruckert,dual,4,3,0,0.791712
bruckert,dual,3,4,1,0.482968
bruckert,dual,1,2,1,0.610676
bruckert,dual,3,4,1,0.623825
bruckert,dual,3,4,1,0.516127
bruckert,dual,2,1,1,0.513204
bruckert,dual,1,2,1,0.635629
bruckert,dual,3,4,1,0.570858
bruckert,dual,2,1,1,0.448851
bruckert,dual,4,3,0,0.761093
bruckert,dual,2,1,1,0.649954
