Observer,Condition,Location_1,Location_2,Correct,Response_Time
julia,single,2,,1,1.111981
julia,single,3,,1,0.609704
julia,single,4,,1,0.725751
julia,single,4,,1,1.263715
julia,single,2,,1,0.651374
julia,single,1,,1,0.981526
julia,single,4,,1,0.824123
julia,single,3,,1,0.688155
julia,single,1,,1,0.58802
julia,single,3,,1,0.933569
julia,single,3,,1,0.523274
julia,single,1,,1,0.943904
julia,single,4,,1,0.711927
julia,single,2,,1,0.733975
julia,single,4,,1,0.577549
julia,single,3,,1,1.040714
julia,single,2,,1,0.858188
julia,single,4,,1,0.776127
julia,single,2,,1,3.45119
julia,single,4,,1,0.674675
julia,single,2,,1,0.571587
julia,single,3,,0,0.693404
julia,single,2,,1,1.635572
julia,single,4,,1,0.646733
julia,single,4,,1,0.784537
julia,single,4,,1,0.851106
julia,single,1,,1,0.635288
julia,single,3,,0,0.70428
julia,single,1,,1,0.967621
julia,single,1,,0,1.111335
julia,single,1,,1,0.930768
julia,single,3,,1,0.619964
julia,single,4,,1,0.898021
julia,single,2,,1,0.677874
julia,single,4,,0,1.185257
julia,single,1,,1,0.731115
julia,single,3,,1,0.801517
julia,single,2,,1,0.893722
julia,single,1,,1,0.675627
julia,single,2,,1,0.705734
julia,single,2,,1,0.939668
julia,single,1,,1,0.966177
julia,single,3,,1,1.189505
julia,single,1,,1,0.603856
julia,single,3,,1,0.687968
julia,single,2,,1,1.399211
julia,single,4,,1,0.828536
julia,single,4,,1,0.786101
julia,single,3,,1,1.68662
julia,single,3,,1,0.711288
julia,single,3,,1,0.772004
julia,single,2,,1,2.047967
julia,single,3,,1,0.972252
julia,single,2,,1,1.135719
julia,single,3,,1,1.258837
julia,single,3,,0,1.018635
julia,single,4,,1,0.793689
julia,single,1,,1,0.629951
julia,single,1,,1,2.312729
julia,single,4,,1,0.83068
julia,single,4,,1,0.738901
julia,single,2,,1,1.801945
julia,single,2,,1,0.799511
julia,single,1,,1,0.668462
julia,single,1,,1,0.755812
julia,single,2,,1,0.679525
julia,single,1,,1,0.616381
julia,single,1,,1,0.780943
julia,single,1,,1,0.747694
julia,single,3,,1,0.612891
julia,single,3,,1,0.735816
julia,single,1,,1,0.508669
julia,single,4,,1,0.685323
julia,single,2,,1,0.705721
julia,single,1,,1,0.610801
julia,single,2,,0,1.419394
julia,single,4,,1,1.963573
julia,single,3,,1,0.701394
julia,single,1,,1,1.75312
julia,single,3,,0,0.636698
julia,single,3,,1,0.53999
julia,single,4,,1,2.321795
julia,single,4,,1,0.753457
julia,single,2,,1,0.859652
julia,single,4,,1,0.651112
julia,single,4,,1,0.509839
julia,single,4,,1,0.93354
julia,single,1,,1,0.614842
julia,single,2,,1,1.015911
julia,single,2,,1,1.072778
julia,single,1,,1,0.987085
julia,single,3,,1,0.630582
julia,single,4,,1,0.575917
julia,single,1,,1,0.610725
julia,single,1,,1,0.749147
julia,single,1,,1,1.180297
julia,single,4,,1,0.893816
julia,single,3,,1,0.526767
julia,single,1,,1,1.122374
julia,single,1,,1,1.368579
julia,single,3,,1,0.912595
julia,single,4,,1,0.450954
julia,single,3,,1,0.567859
julia,single,4,,1,0.657379
julia,single,4,,1,0.580387
julia,single,3,,0,0.631483
julia,single,3,,1,0.689954
julia,single,4,,1,0.620704
julia,single,4,,1,0.732598
julia,single,3,,1,0.718509
julia,single,4,,1,0.711435
julia,single,1,,1,0.538854
julia,single,1,,1,0.599596
julia,single,2,,1,0.510779
julia,single,3,,1,1.131312
julia,single,4,,1,0.676366
julia,single,4,,1,1.121278
julia,single,1,,1,0.554942
julia,single,1,,1,1.075233
julia,single,3,,1,0.649756
julia,single,3,,1,1.145997
julia,single,4,,1,0.810723
julia,single,4,,0,2.17757
julia,single,3,,1,0.818916
julia,single,3,,1,0.521952
julia,single,2,,1,0.486782
julia,single,2,,1,0.638954
julia,single,2,,1,0.562174
julia,single,3,,1,0.84598
julia,single,3,,1,0.52921
julia,single,4,,1,0.640211
julia,single,1,,1,0.599029
julia,single,1,,1,0.753975
julia,single,4,,1,1.011017
julia,single,1,,1,0.899639
julia,single,2,,1,3.155166
julia,single,3,,1,2.92223
julia,single,3,,1,1.342801
julia,single,2,,1,1.682867
julia,single,4,,0,2.964464
julia,single,2,,1,3.034076
julia,single,1,,1,1.414321
julia,single,4,,1,1.152376
julia,single,3,,1,0.601526
julia,single,1,,1,0.498729
julia,single,2,,1,2.761769
julia,single,1,,0,0.767856
julia,single,1,,1,1.324652
julia,single,3,,0,2.527392
julia,single,2,,1,1.193896
julia,single,1,,1,0.565093
julia,single,1,,1,0.940998
julia,single,4,,1,1.153379
julia,single,3,,1,0.645161
julia,single,1,,1,0.823751
julia,single,1,,1,1.076752
julia,single,4,,1,0.606876
julia,single,2,,1,0.71529
julia,single,2,,1,0.449548
julia,single,3,,1,3.09222
julia,single,3,,1,0.65139
julia,single,1,,1,1.107126
julia,single,4,,1,0.680636
julia,single,4,,1,0.599129
julia,single,3,,1,0.587565
julia,single,2,,1,1.252414
julia,single,3,,1,0.840762
julia,single,3,,1,2.283533
julia,single,2,,1,1.820951
julia,single,4,,1,0.618748
julia,single,3,,0,1.39293
julia,single,1,,1,0.799691
julia,single,3,,1,0.559914
julia,single,4,,1,1.436878
julia,single,3,,1,0.529419
julia,single,4,,1,0.446459
julia,single,3,,1,0.691326
julia,single,1,,1,1.183972
julia,single,1,,1,0.75595
julia,single,4,,1,0.665864
julia,single,3,,1,1.158037
julia,single,1,,1,0.712832
julia,single,3,,1,0.579472
julia,single,1,,1,0.535727
julia,single,3,,1,0.621438
julia,single,1,,1,0.559926
julia,single,1,,1,0.611271
julia,single,4,,1,0.625597
julia,single,4,,1,0.718861
julia,single,3,,1,0.658578
julia,single,3,,1,1.302101
julia,single,1,,1,0.756227
julia,single,4,,1,0.617909
julia,single,1,,1,1.017348
julia,single,1,,1,1.076146
julia,single,3,,1,0.605033
julia,single,2,,0,0.789206
julia,single,4,,0,4.694109
julia,single,2,,1,0.455927
julia,single,2,,0,0.732908
julia,single,1,,1,0.631277
julia,single,1,,1,0.579759
julia,single,1,,0,0.84847
julia,single,3,,0,0.811738
julia,single,1,,1,0.93272
julia,single,1,,1,0.47327
julia,single,4,,0,1.060428
julia,single,3,,1,0.582925
julia,single,1,,1,0.571069
julia,single,4,,1,0.555977
julia,single,2,,1,0.671896
julia,single,3,,1,2.119915
julia,single,3,,1,0.449798
julia,single,2,,1,0.440392
julia,single,4,,1,0.474454
julia,single,1,,1,0.649185
julia,single,1,,1,0.599492
julia,single,3,,1,0.522066
julia,single,4,,1,0.498175
julia,single,4,,1,0.792749
julia,single,4,,1,1.025278
julia,single,1,,1,0.47922
julia,single,1,,1,0.993873
julia,single,3,,1,1.379041
julia,single,4,,1,3.353512
julia,single,1,,1,0.536405
julia,single,1,,1,3.927958
julia,single,1,,1,1.662807
julia,single,4,,1,0.503702
julia,single,3,,1,0.410843
julia,single,2,,1,0.572031
julia,single,3,,1,0.907418
julia,single,3,,1,0.694598
julia,single,4,,0,0.845786
julia,single,4,,1,1.680512
julia,single,4,,1,0.486936
julia,single,2,,1,0.573235
julia,single,2,,1,0.511391
julia,single,2,,0,3.481258
julia,single,1,,1,2.56605
julia,single,1,,0,0.712524
julia,single,3,,1,0.743467
julia,single,3,,1,0.562707
julia,single,1,,1,0.813888
julia,single,3,,1,0.549137
julia,single,1,,1,0.631803
julia,single,1,,1,0.758909
julia,single,1,,1,0.453064
julia,single,4,,1,0.51216
julia,single,1,,1,0.470404
julia,single,3,,1,0.756909
julia,single,3,,1,0.575115
julia,single,2,,1,0.642948
julia,single,3,,1,0.821216
julia,single,2,,1,1.009015
julia,single,1,,1,0.889523
julia,single,3,,1,0.791512
julia,single,3,,1,1.70197
julia,single,4,,1,0.6347
julia,single,3,,1,0.615846
julia,single,1,,1,0.449913
julia,single,1,,1,0.751064
julia,single,3,,1,0.545534
julia,single,1,,1,0.532499
julia,single,3,,1,2.083093
julia,single,3,,1,0.764926
julia,single,1,,0,2.212397
julia,single,4,,0,0.823186
julia,single,3,,0,1.52893
julia,single,3,,1,1.414144
julia,single,3,,1,3.626428
julia,single,4,,1,0.705586
julia,single,2,,1,1.163903
julia,single,3,,1,1.641414
julia,single,2,,1,0.636481
julia,single,4,,1,0.811743
julia,single,1,,1,0.839504
julia,single,3,,1,0.666179
julia,single,2,,0,0.773235
julia,single,1,,0,1.471465
julia,single,3,,1,0.769314
julia,single,3,,1,0.990503
julia,single,4,,1,1.094763
julia,single,1,,1,0.536341
julia,single,4,,1,0.479317
julia,single,1,,1,0.705859
julia,single,1,,1,0.447455
julia,single,1,,1,0.59757
julia,single,3,,1,1.282001
julia,single,2,,1,2.389672
julia,single,4,,1,0.750539
julia,single,1,,1,0.585826
julia,single,1,,1,0.741767
julia,single,4,,1,0.640658
julia,single,4,,1,1.325056
julia,single,4,,1,1.665995
julia,single,3,,1,2.198603
julia,single,3,,1,6.945608
julia,single,2,,1,0.624733
julia,single,1,,1,0.981339
julia,single,4,,1,1.985231
julia,single,2,,1,1.150058
julia,single,3,,1,1.139346
julia,single,1,,1,1.790183
julia,single,3,,1,0.629871
julia,single,4,,1,0.683007
julia,single,1,,1,0.509158
julia,single,3,,0,0.657319
julia,single,2,,0,2.126671
julia,single,1,,0,1.490102
julia,single,4,,1,2.147081
julia,single,2,,0,0.738859
julia,single,3,,1,2.622025
julia,single,4,,1,1.269606
julia,single,2,,1,0.681093
julia,single,1,,1,0.710955
julia,single,4,,1,0.914638
julia,single,4,,1,0.563138
julia,single,1,,1,1.007315
julia,single,2,,1,1.161913
julia,dual,4,3,0,1.095527
julia,dual,1,2,1,1.147626
julia,dual,3,4,1,0.811928
julia,dual,1,2,1,1.0555890000000001
julia,dual,1,2,1,1.070762
julia,dual,2,1,1,0.89531
julia,dual,3,4,1,1.238626
julia,dual,1,2,1,1.047082
julia,dual,1,2,0,1.045615
julia,dual,1,2,1,1.363098
julia,dual,3,4,1,0.97661
julia,dual,3,4,1,1.568774
julia,dual,3,4,1,1.52254
julia,dual,4,3,0,1.358094
julia,dual,4,3,1,0.860281
julia,dual,2,1,1,0.910423
julia,dual,2,1,1,0.818101
julia,dual,2,1,1,1.053129
julia,dual,1,2,1,1.084444
julia,dual,1,2,0,0.750185
julia,dual,4,3,1,2.02865
julia,dual,2,1,1,0.978683
julia,dual,3,4,1,0.798315
julia,dual,1,2,0,1.254061
julia,dual,3,4,1,2.047338
julia,dual,2,1,1,1.135377
julia,dual,3,4,1,0.831395
julia,dual,2,1,1,0.889668
julia,dual,3,4,1,0.764816
julia,dual,3,4,1,0.937986
julia,dual,4,3,0,0.698583
julia,dual,2,1,1,1.249959
julia,dual,2,1,1,1.420493
julia,dual,3,4,1,0.85451
julia,dual,1,2,0,1.564369
julia,dual,3,4,1,1.699114
julia,dual,3,4,1,1.128612
julia,dual,1,2,0,1.830155
julia,dual,1,2,0,1.507334
julia,dual,1,2,1,1.998377
julia,dual,1,4,0,2.473808
julia,dual,2,3,1,0.909806
julia,dual,2,3,1,1.310034
julia,dual,4,1,1,0.930276
julia,dual,1,4,1,1.473787
julia,dual,1,4,0,1.984294
julia,dual,4,1,1,1.12642
julia,dual,2,3,1,0.888371
julia,dual,1,4,0,1.18689
julia,dual,3,2,1,1.105297
julia,dual,1,4,0,2.258706
julia,dual,1,4,0,0.990524
julia,dual,4,1,0,3.063727
julia,dual,1,4,1,6.871279
julia,dual,2,3,1,1.546529
julia,dual,1,4,0,1.800752
julia,dual,1,4,1,6.191344
julia,dual,4,1,1,1.10289
julia,dual,2,3,1,1.884835
julia,dual,3,2,1,1.127835
julia,dual,2,3,0,1.26291
julia,dual,3,2,1,0.953316
julia,dual,4,1,1,0.874992
julia,dual,2,3,1,1.63922
julia,dual,4,1,1,1.332645
julia,dual,4,1,0,0.759691
julia,dual,3,2,1,0.99106
julia,dual,4,1,1,1.867441
julia,dual,1,4,1,1.079427
julia,dual,3,2,1,1.108613
julia,dual,4,1,1,2.657876
julia,dual,2,3,1,1.273285
julia,dual,1,4,0,1.341347
julia,dual,3,2,1,1.210542
julia,dual,2,3,0,1.622024
julia,dual,4,1,1,0.926176
julia,dual,4,1,0,1.379416
julia,dual,4,1,1,0.821741
julia,dual,1,4,1,1.834308
julia,dual,3,2,1,0.662098
julia,dual,1,4,0,6.179742
julia,dual,2,3,0,1.260297
julia,dual,1,4,1,2.685354
julia,dual,3,2,1,0.820009
julia,dual,2,3,1,0.894041
julia,dual,2,3,1,1.994843
julia,dual,4,1,1,1.00354
julia,dual,3,2,1,1.119778
julia,dual,4,1,1,2.523299
julia,dual,2,3,1,1.077444
julia,dual,2,3,1,1.441026
julia,dual,4,1,1,0.885037
julia,dual,4,1,1,2.010114
julia,dual,3,2,1,1.169663
julia,dual,3,2,0,0.973287
julia,dual,4,1,1,0.76407
julia,dual,3,2,1,1.270386
julia,dual,2,3,1,1.130885
julia,dual,4,1,1,0.908144
julia,dual,4,1,1,0.804632
julia,dual,2,3,1,2.07068
julia,dual,4,1,1,1.127537
julia,dual,2,3,1,1.654029
julia,dual,1,4,1,0.802204
julia,dual,1,4,0,1.641141
julia,dual,1,4,0,0.849231
julia,dual,2,3,1,1.019076
julia,dual,1,4,1,0.945175
julia,dual,2,3,0,0.991615
julia,dual,4,1,1,1.127143
julia,dual,3,2,1,1.389211
julia,dual,1,4,0,1.627748
julia,dual,4,1,1,1.511538
julia,dual,4,1,1,0.597391
julia,dual,4,1,1,11.325181
julia,dual,1,4,0,1.349392
julia,dual,3,2,0,1.205916
julia,dual,1,4,0,1.653659
julia,dual,3,2,1,0.894467
julia,dual,4,1,1,0.690744
julia,dual,2,1,1,1.900689
julia,dual,4,3,0,1.856418
julia,dual,2,1,1,2.209944
julia,dual,2,1,1,1.193508
julia,dual,3,4,1,1.023094
julia,dual,2,1,1,0.951561
julia,dual,2,1,1,1.396234
julia,dual,2,1,1,0.935707
julia,dual,4,3,1,1.524955
julia,dual,1,2,1,1.504567
julia,dual,1,2,1,1.115562
julia,dual,2,1,1,0.994302
julia,dual,1,2,0,1.096705
julia,dual,4,3,0,1.34752
julia,dual,2,1,1,0.757266
julia,dual,3,4,1,0.853695
julia,dual,3,4,1,1.507022
julia,dual,4,3,1,1.6055
julia,dual,1,2,1,0.874843
julia,dual,2,1,1,1.904574
julia,dual,1,2,0,0.881721
julia,dual,3,4,1,0.740962
julia,dual,4,3,0,1.652015
julia,dual,3,4,1,0.915844
julia,dual,2,1,1,0.908207
julia,dual,4,3,1,2.038148
julia,dual,3,4,1,0.968157
julia,dual,2,1,1,1.312097
julia,dual,4,3,1,1.079652
julia,dual,3,4,1,0.780942
julia,dual,2,1,1,1.40859
julia,dual,2,1,0,1.702817
julia,dual,2,1,1,0.911598
julia,dual,3,4,1,1.051058
julia,dual,1,2,0,1.076979
julia,dual,1,2,1,3.466171
julia,dual,2,1,1,1.096952
julia,dual,2,1,0,4.149618
julia,dual,3,4,1,0.865597
julia,dual,1,2,1,6.299821
julia,dual,4,3,1,0.971332
julia,dual,3,4,1,0.869553
julia,dual,4,3,1,1.080216
julia,dual,3,4,1,0.737688
julia,dual,3,4,1,0.871966
julia,dual,1,2,0,1.834099
julia,dual,3,4,1,0.954216
julia,dual,3,4,1,0.839838
julia,dual,3,4,1,0.428554
julia,dual,2,1,1,1.349437
julia,dual,3,4,1,3.083734
julia,dual,3,4,1,0.936819
julia,dual,2,1,1,0.790767
julia,dual,2,1,1,0.818256
julia,dual,1,2,1,1.168219
julia,dual,3,4,1,0.803436
julia,dual,3,4,1,0.935128
julia,dual,4,3,1,1.9509320000000001
julia,dual,3,4,1,0.807348
julia,dual,4,3,0,0.895189
julia,dual,1,2,1,0.928543
julia,dual,4,3,1,1.229516
julia,dual,4,3,0,0.866192
julia,dual,2,1,1,1.503772
julia,dual,4,3,1,6.721003
julia,dual,2,1,1,0.662668
julia,dual,1,2,1,1.42974
julia,dual,3,4,1,1.098999
julia,dual,3,4,1,1.226651
julia,dual,4,3,1,0.695325
julia,dual,3,4,1,1.611067
julia,dual,4,3,1,1.300359
julia,dual,3,4,1,1.120852
julia,dual,3,4,1,2.748407
julia,dual,2,1,1,0.496502
julia,dual,1,2,1,0.854133
julia,dual,4,3,1,3.585398
julia,dual,1,2,1,0.896073
julia,dual,4,3,0,1.03388
julia,dual,1,2,0,3.07221
julia,dual,2,3,1,1.310471
julia,dual,1,4,0,2.667391
julia,dual,3,2,1,0.805066
julia,dual,3,2,1,0.994386
julia,dual,3,2,1,0.792721
julia,dual,3,2,1,0.97335
julia,dual,3,2,0,1.419157
julia,dual,3,2,1,1.076452
julia,dual,1,4,1,1.302929
julia,dual,3,2,1,1.079222
julia,dual,4,1,1,0.803433
julia,dual,2,3,0,1.175418
julia,dual,4,1,1,1.521812
julia,dual,1,4,1,8.484714
julia,dual,3,2,0,5.758374
julia,dual,3,2,1,1.044835
julia,dual,3,2,1,0.524871
julia,dual,1,4,1,1.223584
julia,dual,4,1,1,1.605408
julia,dual,4,1,1,0.954943
julia,dual,3,2,1,0.57418
julia,dual,1,4,0,1.118789
julia,dual,3,2,1,2.738555
julia,dual,3,2,1,0.521854
julia,dual,1,4,0,1.918876
julia,dual,1,4,1,1.577181
julia,dual,2,3,0,1.613031
julia,dual,2,3,0,1.548682
julia,dual,1,4,0,4.067792
julia,dual,4,1,1,0.946658
julia,dual,3,2,1,0.635011
julia,dual,4,1,1,0.945938
julia,dual,4,1,1,2.510314
julia,dual,3,2,1,1.451872
julia,dual,4,1,1,0.586283
julia,dual,4,1,1,2.108704
julia,dual,1,4,0,1.165312
julia,dual,1,4,0,2.837526
julia,dual,4,1,0,5.708166
julia,dual,4,1,1,1.920638
julia,dual,2,3,0,1.061172
julia,dual,2,3,0,4.741899
julia,dual,2,3,1,0.988828
julia,dual,1,4,1,1.416519
julia,dual,2,3,1,0.874249
julia,dual,2,3,1,1.214848
julia,dual,3,2,0,0.816991
julia,dual,1,4,1,0.859573
julia,dual,1,4,1,1.023525
julia,dual,4,1,0,1.221673
julia,dual,3,2,1,0.867878
julia,dual,2,3,1,1.050857
julia,dual,2,3,1,0.858902
julia,dual,2,3,1,1.078604
julia,dual,1,4,1,0.916982
julia,dual,3,2,1,0.819709
julia,dual,3,2,1,0.95967
julia,dual,1,4,1,1.51157
julia,dual,1,4,0,1.264734
julia,dual,4,1,1,0.739066
julia,dual,3,2,1,0.942112
julia,dual,4,1,1,1.067664
julia,dual,3,2,1,2.333427
julia,dual,2,3,1,1.021055
julia,dual,1,4,0,2.043444
julia,dual,2,3,1,0.975267
julia,dual,3,2,1,0.751725
julia,dual,2,3,1,1.567035
julia,dual,1,4,0,0.857029
julia,dual,1,4,1,1.724056
julia,dual,1,4,1,0.91549
julia,dual,4,1,1,2.68603
julia,dual,4,1,1,0.675584
julia,dual,2,3,1,1.580727
julia,dual,3,2,1,1.204688
julia,dual,4,1,1,0.859033
julia,dual,3,2,0,0.751441
julia,dual,1,4,1,1.476426
julia,dual,4,1,1,0.766649
julia,dual,2,3,1,1.744922
julia,dual,4,3,1,0.967772
julia,dual,2,1,1,0.982037
julia,dual,1,2,1,0.746258
julia,dual,4,3,1,1.308896
julia,dual,3,4,1,0.79503
julia,dual,3,4,1,0.813908
julia,dual,4,3,1,1.533467
julia,dual,4,3,0,1.060496
julia,dual,4,3,1,1.289691
julia,dual,3,4,1,1.526222
julia,dual,1,2,1,1.109968
julia,dual,4,3,1,1.079607
julia,dual,1,2,1,1.875724
julia,dual,3,4,1,1.112015
julia,dual,4,3,1,1.378102
julia,dual,2,1,1,1.388058
julia,dual,3,4,1,0.878945
julia,dual,1,2,1,0.965896
julia,dual,3,4,1,0.842753
julia,dual,3,4,1,1.551774
julia,dual,3,4,1,0.813545
julia,dual,3,4,1,1.002062
julia,dual,3,4,1,0.689959
julia,dual,1,2,1,0.675916
julia,dual,3,4,1,0.465445
julia,dual,1,2,0,1.162018
julia,dual,2,1,1,1.665349
julia,dual,3,4,1,0.826276
julia,dual,3,4,1,0.880514
julia,dual,1,2,1,1.090225
julia,dual,4,3,1,1.413842
julia,dual,3,4,1,0.734722
julia,dual,3,4,1,0.719537
julia,dual,3,4,1,0.765047
julia,dual,3,4,1,0.725102
julia,dual,1,2,1,0.897879
julia,dual,4,3,0,0.797034
julia,dual,1,2,1,0.932789
julia,dual,1,2,0,0.791805
julia,dual,2,1,1,0.98437
julia,dual,3,4,1,1.441409
julia,dual,3,4,1,0.715219
julia,dual,4,3,0,2.133566
julia,dual,2,1,1,0.754072
julia,dual,2,1,1,0.977114
julia,dual,1,2,1,1.197284
julia,dual,3,4,1,1.736656
julia,dual,4,3,0,1.315982
julia,dual,4,3,1,1.074981
julia,dual,4,3,1,1.072609
julia,dual,4,3,1,0.890492
julia,dual,3,4,1,0.826278
julia,dual,3,4,1,1.36321
julia,dual,3,4,1,1.106337
julia,dual,3,4,1,1.987487
julia,dual,4,3,1,1.255547
julia,dual,4,3,1,0.995508
julia,dual,3,4,1,1.001856
julia,dual,2,1,1,0.977947
julia,dual,1,2,0,0.88001
julia,dual,2,1,1,1.178069
julia,dual,2,1,1,0.982282
julia,dual,2,1,1,0.475664
julia,dual,3,4,1,1.159093
julia,dual,2,1,1,1.38383
julia,dual,3,4,1,1.063119
julia,dual,4,3,1,1.016834
julia,dual,2,1,1,0.739131
julia,dual,3,4,1,0.926859
julia,dual,4,3,1,1.346602
julia,dual,2,1,1,0.813205
julia,dual,3,4,1,0.758587
julia,dual,1,2,0,1.487763
julia,dual,4,3,1,2.797364
julia,dual,4,3,1,0.719287
julia,dual,3,4,1,1.090987
julia,dual,1,2,1,1.182481
julia,dual,4,3,1,1.18952
julia,dual,1,2,1,0.88292
julia,dual,2,1,1,1.020064
julia,dual,2,3,1,2.214156
julia,dual,1,4,0,0.88025
julia,dual,3,2,1,1.425108
julia,dual,1,4,1,1.828096
julia,dual,1,4,0,1.300498
julia,dual,1,4,0,0.948114
julia,dual,1,4,0,0.984883
julia,dual,1,4,1,5.616154
julia,dual,3,2,1,0.656766
julia,dual,2,3,1,0.859308
julia,dual,3,2,1,0.725047
julia,dual,1,4,1,4.120898
julia,dual,2,3,1,0.866112
julia,dual,1,4,1,0.719474
julia,dual,3,2,1,0.77855
julia,dual,1,4,0,1.079143
julia,dual,4,1,1,0.982572
julia,dual,1,4,1,2.144045
julia,dual,4,1,1,0.582415
julia,dual,4,1,1,0.798856
julia,dual,1,4,1,1.188796
julia,dual,3,2,1,0.873883
julia,dual,4,1,1,0.757439
julia,dual,4,1,1,0.939071
julia,dual,4,1,1,2.186753
julia,dual,3,2,1,1.736213
julia,dual,3,2,1,0.702803
julia,dual,1,4,1,1.002968
julia,dual,2,3,1,1.814536
julia,dual,4,1,1,1.348674
julia,dual,4,1,1,1.083961
julia,dual,3,2,1,1.024501
julia,dual,3,2,1,0.837437
julia,dual,2,3,1,1.153822
julia,dual,3,2,0,0.819817
julia,dual,3,2,1,0.940579
julia,dual,2,3,0,1.382418
julia,dual,4,1,1,0.767272
julia,dual,4,1,1,0.616356
julia,dual,4,1,1,0.750839
julia,dual,2,1,1,1.509388
julia,dual,4,3,1,1.693232
julia,dual,3,4,1,0.780415
julia,dual,1,2,1,1.229243
julia,dual,3,4,1,0.641494
julia,dual,1,2,1,0.794404
julia,dual,2,1,1,0.628032
julia,dual,1,2,0,1.767334
julia,dual,1,2,1,1.020219
julia,dual,2,1,1,0.983279
julia,dual,3,4,1,0.694945
julia,dual,2,1,1,0.569934
julia,dual,2,1,1,0.673592
julia,dual,1,2,1,0.904582
julia,dual,1,2,1,1.455047
julia,dual,3,4,1,1.139866
julia,dual,2,1,1,1.02806
julia,dual,2,1,1,0.606316
julia,dual,4,3,0,0.708745
julia,dual,1,2,1,0.883058
julia,dual,1,2,1,1.514937
julia,dual,3,4,1,0.827569
julia,dual,1,2,1,0.986308
julia,dual,4,3,1,1.240263
julia,dual,4,3,1,0.875428
julia,dual,4,3,1,1.428708
julia,dual,3,4,1,0.783231
julia,dual,3,4,1,1.214751
julia,dual,1,2,1,1.45272
julia,dual,1,2,1,1.749991
julia,dual,1,2,1,1.040068
julia,dual,3,4,1,0.759914
julia,dual,1,2,1,1.105348
julia,dual,4,3,1,1.033907
julia,dual,4,3,0,0.911555
julia,dual,3,4,1,0.832437
julia,dual,1,2,1,0.806241
julia,dual,4,3,1,0.705434
julia,dual,2,1,1,0.756525
julia,dual,2,1,1,0.693656
julia,dual,3,2,1,0.634803
julia,dual,4,1,1,0.717001
julia,dual,1,4,0,1.37869
julia,dual,2,3,1,3.073152
julia,dual,1,4,0,1.158203
julia,dual,3,2,1,1.85905
julia,dual,2,3,1,1.20206
julia,dual,3,2,1,1.53838
julia,dual,3,2,1,0.687183
julia,dual,1,4,0,2.507017
julia,dual,2,3,1,1.014751
julia,dual,1,4,1,1.755703
julia,dual,3,2,1,0.589694
julia,dual,2,3,1,1.00185
julia,dual,3,2,1,0.829619
julia,dual,3,2,1,0.784146
julia,dual,3,2,1,0.949177
julia,dual,2,3,0,2.722295
julia,dual,2,3,0,0.706068
julia,dual,2,3,1,4.055027
julia,dual,4,1,1,0.708894
julia,dual,4,1,1,1.849788
julia,dual,4,1,1,0.774254
julia,dual,3,2,1,0.72948
julia,dual,2,3,1,1.873986
julia,dual,4,1,1,5.645349
julia,dual,2,3,0,1.350436
julia,dual,2,3,1,1.260182
julia,dual,3,2,1,1.174748
julia,dual,4,1,1,0.702979
julia,dual,2,3,0,3.827398
julia,dual,3,2,1,1.100799
julia,dual,4,1,1,1.008688
julia,dual,3,2,1,0.913457
julia,dual,1,4,1,2.052708
julia,dual,4,1,0,1.608168
julia,dual,2,3,1,1.66551
julia,dual,3,2,1,0.665692
julia,dual,4,1,1,1.406236
julia,dual,3,2,1,1.333768
julia,dual,4,1,1,2.103683
julia,dual,4,1,1,0.908046
julia,dual,3,2,1,0.798148
julia,dual,1,4,1,1.419043
julia,dual,2,3,1,1.548701
julia,dual,3,2,1,0.710831
julia,dual,3,2,0,1.808108
julia,dual,2,3,0,2.410919
julia,dual,4,1,1,0.69088
julia,dual,1,4,0,0.894895
julia,dual,2,3,1,1.047609
julia,dual,3,2,1,0.873328
julia,dual,4,1,1,1.305899
julia,dual,1,4,0,1.158429
julia,dual,2,3,0,1.831918
julia,dual,1,4,1,0.750179
julia,dual,3,2,1,1.680239
julia,dual,2,3,1,1.730448
julia,dual,1,4,1,1.148554
julia,dual,1,4,1,13.401974
julia,dual,4,1,1,0.648521
julia,dual,4,1,1,0.869137
julia,dual,1,4,0,5.560268
julia,dual,4,1,1,1.179571
julia,dual,1,4,1,0.991094
julia,dual,3,2,1,0.828945
julia,dual,4,1,1,0.587567
julia,dual,2,3,0,0.947568
julia,dual,3,2,1,0.978659
julia,dual,1,4,1,1.682557
julia,dual,3,2,1,0.662722
julia,dual,3,2,1,0.998398
julia,dual,1,4,1,1.182298
julia,dual,1,4,0,1.163148
julia,dual,4,1,1,1.170504
julia,dual,4,1,1,0.672781
julia,dual,1,4,1,1.92738
julia,dual,4,1,1,0.645652
julia,dual,2,3,1,1.136469
julia,dual,3,2,1,0.872834
julia,dual,1,2,1,1.308394
julia,dual,3,4,1,0.839216
julia,dual,2,1,1,1.135916
julia,dual,3,4,1,0.773124
julia,dual,4,3,1,1.161714
julia,dual,3,4,1,0.768889
julia,dual,4,3,0,0.913864
julia,dual,2,1,1,0.618046
julia,dual,4,3,1,1.176775
julia,dual,2,1,1,0.656001
julia,dual,2,1,1,1.921864
julia,dual,4,3,1,1.005939
julia,dual,3,4,1,1.336277
julia,dual,1,2,1,0.657768
julia,dual,1,2,1,2.293829
julia,dual,2,1,1,0.658079
julia,dual,1,2,1,0.914601
julia,dual,3,4,1,1.221846
julia,dual,3,4,1,2.298797
julia,dual,3,4,1,0.620529
julia,dual,1,2,1,0.784773
julia,dual,4,3,1,1.611356
julia,dual,1,2,0,1.004013
julia,dual,3,4,1,0.771994
julia,dual,1,2,1,1.26091
julia,dual,1,2,1,1.158162
julia,dual,2,1,1,0.763619
julia,dual,4,3,1,0.921569
julia,dual,1,2,1,0.808211
julia,dual,4,3,1,2.302949
julia,dual,4,3,1,0.947471
julia,dual,4,3,1,0.774851
julia,dual,4,3,0,1.345516
julia,dual,3,4,1,1.06069
julia,dual,3,4,1,0.78449
julia,dual,2,1,1,1.592914
julia,dual,4,3,0,1.312757
julia,dual,1,2,1,2.865572
julia,dual,3,4,0,1.173039
julia,dual,1,2,0,1.144993
julia,dual,1,4,1,4.363488
julia,dual,4,1,1,0.984408
julia,dual,1,4,1,0.959058
julia,dual,3,2,1,0.601616
julia,dual,3,2,1,0.629693
julia,dual,3,2,1,0.997788
julia,dual,1,4,1,1.875311
julia,dual,2,3,1,0.833678
julia,dual,3,2,1,1.165987
julia,dual,1,4,0,1.482707
julia,dual,2,3,1,1.230414
julia,dual,4,1,1,0.413056
julia,dual,2,3,1,1.429383
julia,dual,4,1,1,2.217744
julia,dual,4,1,1,0.700477
julia,dual,3,2,1,0.757519
julia,dual,2,3,0,2.885416
julia,dual,1,4,1,0.894793
julia,dual,3,2,1,0.806839
julia,dual,1,4,1,2.594328
julia,dual,4,1,0,1.921787
julia,dual,2,3,0,2.720691
julia,dual,4,1,1,0.657625
julia,dual,1,4,1,1.894273
julia,dual,2,3,1,0.945076
julia,dual,3,2,1,1.140755
julia,dual,3,2,1,1.342424
julia,dual,3,2,1,0.898321
julia,dual,2,3,1,1.282111
julia,dual,2,3,1,1.20933
julia,dual,1,4,1,1.296458
julia,dual,3,2,1,0.594764
julia,dual,1,4,1,1.325756
julia,dual,4,1,1,0.916548
julia,dual,1,4,1,1.899494
julia,dual,1,4,0,1.188125
julia,dual,4,1,1,0.960127
julia,dual,3,2,1,0.784816
julia,dual,3,2,0,0.871635
julia,dual,1,4,0,1.943086
julia,dual,3,4,0,1.083833
julia,dual,2,1,1,0.552575
julia,dual,2,1,1,0.600742
julia,dual,1,2,1,1.287176
julia,dual,3,4,1,0.868356
julia,dual,1,2,1,0.762853
julia,dual,3,4,1,0.666193
julia,dual,1,2,1,0.830196
julia,dual,2,1,1,0.626439
julia,dual,4,3,1,0.562183
julia,dual,1,2,0,0.85955
julia,dual,3,4,0,1.093769
julia,dual,2,1,1,0.660406
julia,dual,3,4,1,1.19865
julia,dual,1,2,1,0.852742
julia,dual,4,3,0,1.280588
julia,dual,4,3,0,1.120497
julia,dual,2,1,1,1.968208
julia,dual,4,3,1,1.365706
julia,dual,1,2,1,0.946301
julia,dual,2,1,1,0.544801
julia,dual,3,4,1,0.989409
julia,dual,3,4,1,1.23481
julia,dual,3,4,1,0.750927
julia,dual,3,4,1,0.695976
julia,dual,1,2,1,1.322656
julia,dual,3,4,1,0.61111
julia,dual,1,2,1,2.298199
julia,dual,2,1,1,0.874406
julia,dual,3,4,1,0.643538
julia,dual,3,4,1,1.105036
julia,dual,3,4,1,0.683238
julia,dual,3,4,1,1.479357
julia,dual,4,3,1,1.438503
julia,dual,2,1,1,0.98022
julia,dual,3,4,1,1.396003
julia,dual,2,1,1,0.724909
julia,dual,3,4,1,0.580621
julia,dual,4,3,1,1.336992
julia,dual,2,1,1,0.606006
