Observer,Condition,Location_1,Location_2,Correct,Response_Time
ludwig,single,2,,1,0.552007
ludwig,single,2,,1,0.626783
ludwig,single,4,,1,0.777533
ludwig,single,2,,1,0.836728
ludwig,single,3,,1,0.78281
ludwig,single,3,,1,0.713737
ludwig,single,1,,1,0.639245
ludwig,single,1,,1,0.583782
ludwig,single,2,,1,0.730259
ludwig,single,3,,1,0.686361
ludwig,single,4,,1,0.597591
ludwig,single,3,,1,0.91152
ludwig,single,3,,1,0.770877
ludwig,single,1,,1,0.803478
ludwig,single,1,,1,0.665361
ludwig,single,1,,1,0.703397
ludwig,single,2,,1,2.116679
ludwig,single,2,,1,0.734357
ludwig,single,4,,0,0.792097
ludwig,single,4,,1,0.827517
ludwig,single,4,,1,0.536581
ludwig,single,3,,1,0.926175
ludwig,single,4,,1,0.72725
ludwig,single,3,,0,0.789374
ludwig,single,2,,0,1.489283
ludwig,single,1,,1,0.690438
ludwig,single,3,,1,0.855646
ludwig,single,1,,1,0.502516
ludwig,single,2,,0,0.888395
ludwig,single,4,,0,0.607011
ludwig,single,1,,0,0.704783
ludwig,single,3,,1,1.477847
ludwig,single,2,,1,0.67187
ludwig,single,2,,1,0.57907
ludwig,single,1,,1,0.860293
ludwig,single,4,,1,0.634857
ludwig,single,1,,0,0.595588
ludwig,single,4,,1,1.566784
ludwig,single,3,,0,0.677278
ludwig,single,1,,1,0.734975
ludwig,single,4,,1,0.610569
ludwig,single,2,,1,2.090425
ludwig,single,2,,1,0.580639
ludwig,single,3,,1,0.601312
ludwig,single,3,,0,0.976347
ludwig,single,2,,0,0.546977
ludwig,single,2,,0,0.738945
ludwig,single,2,,0,0.817867
ludwig,single,2,,1,0.599913
ludwig,single,2,,1,0.640927
ludwig,single,4,,1,0.891701
ludwig,single,3,,1,1.012292
ludwig,single,1,,1,0.547977
ludwig,single,1,,1,0.552672
ludwig,single,1,,1,0.488332
ludwig,single,1,,1,1.673766
ludwig,single,2,,1,0.825072
ludwig,single,1,,0,0.811459
ludwig,single,2,,1,0.856916
ludwig,single,3,,1,0.493911
ludwig,single,2,,1,0.682285
ludwig,single,2,,1,0.827074
ludwig,single,1,,1,2.809133
ludwig,single,4,,1,0.939403
ludwig,single,1,,1,0.52688
ludwig,single,4,,1,0.651456
ludwig,single,3,,0,0.612999
ludwig,single,4,,1,0.687801
ludwig,single,1,,1,0.736733
ludwig,single,1,,1,0.62649
ludwig,single,2,,1,0.9728
ludwig,single,4,,1,0.874844
ludwig,single,4,,0,0.929089
ludwig,single,1,,0,1.289051
ludwig,single,3,,1,0.831819
ludwig,single,1,,1,0.920717
ludwig,single,4,,1,0.700842
ludwig,single,1,,1,0.674432
ludwig,single,3,,1,0.702961
ludwig,single,4,,1,0.528294
ludwig,single,3,,1,1.164934
ludwig,single,1,,1,1.165148
ludwig,single,4,,1,5.171525
ludwig,single,3,,1,0.83796
ludwig,single,1,,1,1.04041
ludwig,single,4,,1,0.668391
ludwig,single,4,,1,0.977972
ludwig,single,4,,1,0.742423
ludwig,single,1,,0,0.815102
ludwig,single,3,,1,48.415875
ludwig,single,3,,0,0.47455
ludwig,single,2,,1,0.702281
ludwig,single,3,,1,0.638842
ludwig,single,1,,1,1.137285
ludwig,single,3,,1,0.536642
ludwig,single,3,,1,0.714059
ludwig,single,2,,1,0.712376
ludwig,single,4,,1,16.797611
ludwig,single,3,,1,0.452083
ludwig,single,1,,0,0.5603
ludwig,single,3,,0,0.681837
ludwig,single,1,,1,0.607625
ludwig,single,2,,1,0.464737
ludwig,single,1,,1,0.695012
ludwig,single,3,,1,0.6775
ludwig,single,3,,1,1.269063
ludwig,single,3,,1,0.796345
ludwig,single,1,,1,0.675013
ludwig,single,1,,1,1.083561
ludwig,single,2,,0,0.817678
ludwig,single,4,,0,0.522496
ludwig,single,1,,1,1.025899
ludwig,single,1,,1,1.049987
ludwig,single,4,,0,0.93438
ludwig,single,1,,0,1.391495
ludwig,single,3,,0,0.718177
ludwig,single,2,,0,0.804667
ludwig,single,1,,1,0.630076
ludwig,single,4,,0,1.659907
ludwig,single,2,,1,0.732948
ludwig,single,1,,1,0.59525
ludwig,single,3,,0,1.081615
ludwig,single,3,,0,1.156456
ludwig,single,2,,1,0.606241
ludwig,single,4,,1,0.647717
ludwig,single,4,,1,0.66261
ludwig,single,4,,0,0.835909
ludwig,single,4,,1,0.483009
ludwig,single,2,,1,0.589733
ludwig,single,2,,1,0.543456
ludwig,single,3,,1,0.655147
ludwig,single,2,,1,0.721599
ludwig,single,2,,1,1.277832
ludwig,single,3,,1,1.415394
ludwig,single,3,,1,0.576766
ludwig,single,2,,1,1.233851
ludwig,single,4,,1,0.512496
ludwig,single,4,,1,0.621164
ludwig,single,4,,1,0.626804
ludwig,single,3,,1,0.987187
ludwig,single,2,,1,0.828401
ludwig,single,2,,1,0.796811
ludwig,single,2,,0,0.562353
ludwig,single,1,,1,1.020407
ludwig,single,2,,1,0.491462
ludwig,single,4,,1,0.57979
ludwig,single,1,,1,0.648261
ludwig,single,1,,1,0.666279
ludwig,single,1,,1,1.350005
ludwig,single,4,,1,0.651478
ludwig,single,1,,1,0.938623
ludwig,single,1,,1,0.620779
ludwig,single,2,,1,0.774094
ludwig,single,2,,1,1.199927
ludwig,single,4,,1,0.896771
ludwig,single,1,,0,0.511302
ludwig,single,4,,0,1.420889
ludwig,single,4,,1,0.660263
ludwig,single,1,,1,0.562774
ludwig,single,4,,1,0.558494
ludwig,single,3,,0,0.600546
ludwig,single,2,,1,0.57056
ludwig,single,1,,1,0.650153
ludwig,single,2,,1,1.28426
ludwig,single,4,,1,0.866545
ludwig,single,2,,0,1.271267
ludwig,single,4,,0,0.700942
ludwig,single,3,,1,0.717832
ludwig,single,3,,1,0.974415
ludwig,single,3,,0,0.689891
ludwig,single,4,,1,0.732204
ludwig,single,3,,1,1.513039
ludwig,single,4,,0,0.915097
ludwig,single,2,,1,1.584053
ludwig,single,4,,1,0.63361
ludwig,single,4,,1,1.058518
ludwig,single,1,,1,0.683147
ludwig,single,1,,1,0.67828599999999994
ludwig,single,4,,1,0.809972
ludwig,single,4,,1,0.531466
ludwig,single,3,,0,0.480795
ludwig,single,1,,1,0.652968
ludwig,single,1,,1,0.53756
ludwig,single,3,,0,0.645316
ludwig,single,2,,1,1.403432
ludwig,single,1,,1,0.593231
ludwig,single,3,,1,0.69101
ludwig,single,1,,0,1.240111
ludwig,single,2,,1,0.583914
ludwig,single,2,,1,0.646665
ludwig,single,3,,0,0.795829
ludwig,single,2,,1,0.751232
ludwig,single,3,,0,1.138453
ludwig,single,3,,1,0.620912
ludwig,single,2,,1,0.760874
ludwig,single,1,,1,0.584045
ludwig,single,2,,1,0.967287
ludwig,single,1,,0,0.711808
ludwig,single,1,,1,0.51271
ludwig,single,2,,1,1.131802
ludwig,single,1,,1,0.452706
ludwig,single,1,,1,0.77266
ludwig,single,2,,1,0.952965
ludwig,single,1,,1,0.53403
ludwig,single,2,,1,0.844271
ludwig,single,2,,1,1.893156
ludwig,single,1,,1,0.638233
ludwig,single,2,,1,0.622605
ludwig,single,2,,1,2.182055
ludwig,single,2,,1,0.778812
ludwig,single,1,,1,0.472204
ludwig,single,1,,1,0.655187
ludwig,single,4,,1,0.811072
ludwig,single,4,,1,0.558581
ludwig,single,3,,0,0.776044
ludwig,single,3,,1,0.618317
ludwig,single,2,,1,0.65993
ludwig,single,1,,1,0.80113
ludwig,single,1,,1,1.031235
ludwig,single,3,,0,0.73822
ludwig,single,1,,1,0.750437
ludwig,single,2,,1,1.031045
ludwig,single,4,,0,0.510182
ludwig,single,1,,1,0.79808
ludwig,single,1,,1,0.561904
ludwig,single,1,,1,0.473577
ludwig,single,1,,0,0.512134
ludwig,single,1,,1,1.18992
ludwig,single,3,,0,0.454396
ludwig,single,3,,1,0.546627
ludwig,single,3,,0,0.552419
ludwig,single,2,,1,0.611343
ludwig,single,3,,1,0.634887
ludwig,single,4,,1,0.577897
ludwig,single,4,,1,0.668949
ludwig,single,1,,1,0.898626
ludwig,single,3,,1,0.622483
ludwig,single,3,,1,1.361266
ludwig,single,1,,1,0.511794
ludwig,single,4,,1,0.50107
ludwig,single,3,,1,0.522388
ludwig,single,2,,1,0.740742
ludwig,single,4,,1,0.621444
ludwig,single,1,,1,0.63975
ludwig,single,2,,1,0.655967
ludwig,single,4,,1,0.711512
ludwig,single,4,,1,1.43596
ludwig,single,2,,1,0.621877
ludwig,single,3,,1,0.635948
ludwig,single,2,,1,1.379431
ludwig,single,1,,1,0.490794
ludwig,single,4,,0,1.528538
ludwig,single,2,,1,0.600158
ludwig,single,3,,1,0.618005
ludwig,single,3,,1,0.746538
ludwig,single,3,,0,0.862495
ludwig,single,1,,1,0.86573
ludwig,single,4,,0,16.723556
ludwig,single,4,,1,0.556368
ludwig,single,1,,1,0.614327
ludwig,single,3,,1,0.57469
ludwig,single,1,,1,0.605435
ludwig,single,1,,1,0.540578
ludwig,single,3,,1,0.791439
ludwig,single,3,,1,0.66362
ludwig,single,3,,1,0.795236
ludwig,single,4,,0,0.498176
ludwig,single,2,,1,0.662617
ludwig,single,2,,1,0.551088
ludwig,single,1,,1,0.428401
ludwig,single,3,,1,0.690619
ludwig,single,3,,0,2.266744
ludwig,single,4,,1,0.471989
ludwig,single,4,,1,0.526942
ludwig,single,3,,1,0.674947
ludwig,single,2,,1,0.5523
ludwig,single,4,,1,0.632534
ludwig,single,1,,0,0.599025
ludwig,single,2,,0,0.845305
ludwig,single,1,,1,1.018051
ludwig,single,4,,1,0.537519
ludwig,single,3,,1,0.699823
ludwig,single,1,,1,2.051034
ludwig,single,2,,0,0.577534
ludwig,single,1,,1,0.742597
ludwig,single,3,,0,0.839859
ludwig,single,4,,1,0.670081
ludwig,single,3,,1,0.705718
ludwig,single,3,,1,0.929075
ludwig,single,3,,0,0.72464
ludwig,single,3,,1,0.802169
ludwig,single,3,,1,0.563224
ludwig,single,4,,1,0.542624
ludwig,single,3,,1,0.775056
ludwig,single,1,,0,0.640517
ludwig,single,4,,1,0.601825
ludwig,single,1,,1,0.57968
ludwig,single,2,,1,0.759904
ludwig,single,2,,1,0.601602
ludwig,single,3,,0,0.373779
ludwig,single,1,,0,0.814634
ludwig,single,1,,1,2.445644
ludwig,single,2,,1,0.592427
ludwig,single,2,,1,0.515203
ludwig,single,4,,1,0.564461
ludwig,single,4,,1,0.917664
ludwig,single,4,,1,0.54753
ludwig,single,4,,0,0.541313
ludwig,single,1,,1,0.755067
ludwig,single,2,,1,0.524342
ludwig,single,1,,1,0.63143
ludwig,single,4,,1,0.607143
ludwig,single,1,,1,0.641687
ludwig,single,2,,1,0.686222
ludwig,single,4,,1,0.332489
ludwig,single,2,,1,0.66165
ludwig,single,4,,1,0.460572
ludwig,single,2,,0,0.595409
ludwig,single,1,,1,0.552627
ludwig,single,1,,1,0.507725
ludwig,single,1,,0,0.74658
ludwig,single,1,,1,1.348425
ludwig,single,1,,1,0.485396
ludwig,single,3,,1,0.45887
ludwig,single,1,,1,0.333971
ludwig,single,2,,0,0.375233
ludwig,single,4,,1,1.108502
ludwig,single,2,,1,0.470176
ludwig,single,2,,1,0.437468
ludwig,single,3,,0,0.580035
ludwig,single,2,,1,1.207187
ludwig,single,2,,1,0.669581
ludwig,single,3,,1,0.730393
ludwig,single,3,,0,0.535966
ludwig,single,3,,1,0.651264
ludwig,single,1,,1,0.38607
ludwig,single,2,,0,0.636559
ludwig,single,2,,0,0.846236
ludwig,single,2,,0,0.659663
ludwig,single,3,,1,0.626124
ludwig,single,1,,1,0.783522
ludwig,single,3,,1,0.718609
ludwig,single,4,,1,0.54317
ludwig,single,2,,1,0.650023
ludwig,single,3,,1,0.754598
ludwig,single,4,,1,0.491755
ludwig,single,1,,0,0.491469
ludwig,single,3,,0,1.223066
ludwig,single,1,,1,0.675988
ludwig,single,4,,1,0.635569
ludwig,single,2,,1,0.52421
ludwig,single,4,,1,0.530193
ludwig,single,4,,1,0.365894
ludwig,single,1,,1,0.748735
ludwig,single,3,,0,0.632562
ludwig,single,4,,1,0.604877
ludwig,single,4,,0,0.582382
ludwig,single,1,,1,0.78997
ludwig,single,4,,1,0.750649
ludwig,single,2,,1,0.608314
ludwig,single,3,,0,0.937982
ludwig,single,1,,1,0.602658
ludwig,single,1,,1,0.625882
ludwig,single,1,,1,0.619316
ludwig,single,3,,1,0.779501
ludwig,single,1,,1,0.98423
ludwig,single,3,,0,0.862089
ludwig,single,1,,1,0.757395
ludwig,single,4,,0,0.565789
ludwig,single,1,,1,0.725089
ludwig,single,2,,1,0.815238
ludwig,single,1,,1,0.62737
ludwig,single,1,,1,0.773011
ludwig,single,1,,1,0.813396
ludwig,single,3,,1,0.608988
ludwig,single,3,,1,0.707152
ludwig,single,4,,1,0.537464
ludwig,single,2,,1,0.76962
ludwig,single,3,,0,0.805466
ludwig,single,2,,1,0.620851
ludwig,single,3,,1,0.921162
ludwig,single,3,,1,0.884116
ludwig,single,2,,1,0.745404
ludwig,single,3,,1,1.046843
ludwig,single,2,,1,0.798695
ludwig,single,3,,1,0.649769
ludwig,single,1,,1,0.638986
ludwig,single,4,,1,0.685199
ludwig,single,3,,1,1.347972
ludwig,single,2,,1,0.963943
ludwig,single,3,,1,0.762945
ludwig,single,1,,1,0.601564
ludwig,single,1,,1,0.691756
ludwig,single,3,,1,1.080768
ludwig,single,2,,1,0.543758
ludwig,single,2,,0,0.448815
ludwig,single,4,,0,0.5119
ludwig,single,3,,1,0.836008
ludwig,single,3,,1,1.181007
ludwig,single,4,,0,0.649507
ludwig,single,4,,1,0.648562
ludwig,single,4,,0,0.980779
ludwig,single,3,,1,0.871827
ludwig,single,2,,1,1.069832
ludwig,single,4,,0,0.706373
ludwig,single,2,,1,0.655649
ludwig,single,2,,1,1.146884
ludwig,single,1,,0,0.722546
ludwig,single,3,,1,0.580245
ludwig,single,3,,0,0.740819
ludwig,single,2,,1,0.619648
ludwig,single,2,,1,0.618822
ludwig,single,1,,0,1.133562
ludwig,single,1,,0,0.750634
ludwig,single,1,,1,0.655806
ludwig,single,4,,0,0.627338
ludwig,single,3,,1,0.433767
ludwig,single,3,,1,0.666117
ludwig,single,1,,0,1.112902
ludwig,single,1,,0,0.817698
ludwig,single,3,,0,0.674312
ludwig,single,4,,1,0.710793
ludwig,single,3,,1,0.778266
ludwig,single,2,,1,0.56685700000000006
ludwig,single,2,,1,0.480487
ludwig,single,2,,1,0.63122
ludwig,single,4,,1,1.207039
ludwig,single,3,,1,0.588127
ludwig,single,3,,1,0.987834
ludwig,single,2,,1,0.724415
ludwig,single,2,,1,0.361262
ludwig,single,4,,1,0.444623
ludwig,single,3,,0,0.858663
ludwig,single,1,,1,0.510686
ludwig,single,4,,1,0.593547
ludwig,single,1,,1,1.122034
ludwig,single,3,,0,0.750205
ludwig,single,3,,1,0.547031
ludwig,single,4,,1,0.374137
ludwig,single,2,,1,0.423977
ludwig,single,2,,0,0.528644
ludwig,single,1,,1,0.618484
ludwig,single,2,,0,0.761941
ludwig,single,4,,1,0.642223
ludwig,single,1,,1,0.499606
ludwig,single,3,,0,0.718093
ludwig,single,4,,1,0.399547
ludwig,single,3,,1,0.722235
ludwig,single,2,,1,1.152011
ludwig,single,1,,1,2.37588
ludwig,single,3,,1,0.484723
ludwig,single,1,,1,0.504753
ludwig,single,1,,0,0.493501
ludwig,single,2,,1,0.527302
ludwig,single,2,,0,1.363949
ludwig,single,3,,1,1.332673
ludwig,single,4,,1,0.748223
ludwig,single,2,,1,0.727948
ludwig,single,2,,1,0.812073
ludwig,single,4,,1,0.693474
ludwig,single,2,,1,0.640491
ludwig,single,1,,1,0.527171
ludwig,single,3,,1,0.407382
ludwig,single,4,,1,0.465633
ludwig,single,2,,1,0.518303
ludwig,single,2,,1,0.75047
ludwig,single,2,,1,0.541702
ludwig,single,4,,1,0.420675
ludwig,single,1,,1,0.452089
ludwig,single,3,,1,0.352603
ludwig,single,1,,1,0.398654
ludwig,single,2,,0,0.349472
ludwig,single,2,,0,0.498582
ludwig,single,1,,1,0.955109
ludwig,single,2,,1,0.715596
ludwig,single,1,,1,0.513352
ludwig,single,2,,1,0.894648
ludwig,single,1,,1,0.989512
ludwig,single,1,,1,0.892926
ludwig,single,2,,1,0.727721
ludwig,dual,2,1,1,0.87606
ludwig,dual,2,1,1,0.631883
ludwig,dual,3,4,1,0.903243
ludwig,dual,1,2,0,0.998453
ludwig,dual,4,3,1,0.832423
ludwig,dual,4,3,1,1.202197
ludwig,dual,4,3,1,0.827289
ludwig,dual,4,3,1,1.197203
ludwig,dual,3,4,1,1.158172
ludwig,dual,4,3,1,1.248692
ludwig,dual,1,2,1,1.019272
ludwig,dual,2,1,0,1.016556
ludwig,dual,3,4,0,2.143179
ludwig,dual,2,1,1,1.374352
ludwig,dual,2,1,0,1.148183
ludwig,dual,1,2,1,1.768778
ludwig,dual,2,1,0,2.64298
ludwig,dual,2,1,0,3.239037
ludwig,dual,1,2,1,1.10141
ludwig,dual,2,1,1,2.074124
ludwig,dual,2,1,1,1.056963
ludwig,dual,1,2,1,1.023481
ludwig,dual,4,3,1,1.727363
ludwig,dual,3,4,1,2.386744
ludwig,dual,2,1,1,1.255875
ludwig,dual,1,2,0,1.071862
ludwig,dual,2,1,1,1.15024
ludwig,dual,1,2,1,1.099373
ludwig,dual,3,4,1,2.689736
ludwig,dual,1,2,1,1.176423
ludwig,dual,2,1,1,1.166959
ludwig,dual,2,1,1,0.743091
ludwig,dual,4,3,1,0.905733
ludwig,dual,2,1,1,0.976486
ludwig,dual,2,1,1,0.777915
ludwig,dual,3,4,1,1.678361
ludwig,dual,4,3,1,1.426146
ludwig,dual,4,3,1,2.725159
ludwig,dual,1,2,1,0.904832
ludwig,dual,3,4,1,1.083288
ludwig,dual,4,3,0,0.813572
ludwig,dual,1,2,0,1.216446
ludwig,dual,1,2,1,0.846599
ludwig,dual,4,3,1,1.13301
ludwig,dual,3,4,0,1.037185
ludwig,dual,2,1,1,1.177551
ludwig,dual,4,3,0,0.91158
ludwig,dual,2,1,0,1.765428
ludwig,dual,1,2,0,1.570943
ludwig,dual,3,4,1,0.846336
ludwig,dual,2,1,1,0.950173
ludwig,dual,2,1,1,0.983209
ludwig,dual,3,4,1,0.687218
ludwig,dual,2,1,1,1.128299
ludwig,dual,4,3,1,1.313655
ludwig,dual,1,2,0,0.797997
ludwig,dual,3,4,0,0.877865
ludwig,dual,3,4,1,1.073218
ludwig,dual,3,4,1,1.669014
ludwig,dual,3,4,0,1.429409
ludwig,dual,4,1,1,1.112409
ludwig,dual,1,4,0,1.140887
ludwig,dual,1,4,1,0.920219
ludwig,dual,1,4,1,0.945174
ludwig,dual,2,3,0,0.907698
ludwig,dual,4,1,1,0.829311
ludwig,dual,1,4,1,0.986914
ludwig,dual,3,2,1,0.986905
ludwig,dual,3,2,1,0.824775
ludwig,dual,3,2,1,0.920261
ludwig,dual,4,1,0,154.973783
ludwig,dual,2,3,1,1.219455
ludwig,dual,4,1,1,0.89473
ludwig,dual,2,3,1,1.292967
ludwig,dual,3,2,1,1.046861
ludwig,dual,3,2,1,0.673033
ludwig,dual,1,4,1,0.877787
ludwig,dual,4,1,1,1.007167
ludwig,dual,2,3,1,0.932559
ludwig,dual,2,3,1,1.023546
ludwig,dual,3,2,0,1.14325
ludwig,dual,3,2,1,0.848049
ludwig,dual,4,1,1,2.129638
ludwig,dual,2,3,1,2.765993
ludwig,dual,4,1,1,0.804576
ludwig,dual,4,1,1,1.244939
ludwig,dual,2,3,1,0.771152
ludwig,dual,4,1,1,1.075089
ludwig,dual,1,4,1,1.058217
ludwig,dual,4,1,1,1.05172
ludwig,dual,1,4,0,1.772125
ludwig,dual,1,4,1,1.033963
ludwig,dual,1,4,0,1.089353
ludwig,dual,3,2,0,1.296422
ludwig,dual,1,4,1,1.423132
ludwig,dual,2,3,1,0.724794
ludwig,dual,1,4,1,0.987349
ludwig,dual,1,4,0,0.696839
ludwig,dual,3,2,1,0.851484
ludwig,dual,3,2,0,0.98892
ludwig,dual,1,4,1,0.640261
ludwig,dual,3,2,0,1.711662
ludwig,dual,3,2,1,1.657524
ludwig,dual,1,4,1,1.604445
ludwig,dual,4,1,1,0.69318
ludwig,dual,1,4,1,1.146191
ludwig,dual,4,1,0,0.701864
ludwig,dual,1,4,1,1.034972
ludwig,dual,2,3,0,0.761152
ludwig,dual,2,3,1,0.828581
ludwig,dual,2,3,0,0.754666
ludwig,dual,2,3,0,0.921453
ludwig,dual,1,4,0,1.070287
ludwig,dual,2,3,1,0.829179
ludwig,dual,3,2,1,1.14894
ludwig,dual,4,1,1,1.031627
ludwig,dual,2,3,1,0.71629
ludwig,dual,4,1,1,0.709133
ludwig,dual,1,4,0,1.605815
ludwig,dual,3,2,1,0.684103
ludwig,dual,4,1,1,0.890897
ludwig,dual,1,4,0,0.957445
ludwig,dual,1,4,1,1.313801
ludwig,dual,1,4,1,0.736
ludwig,dual,4,1,1,1.068522
ludwig,dual,3,2,1,0.869161
ludwig,dual,4,1,1,0.766116
ludwig,dual,1,4,1,0.916051
ludwig,dual,1,4,1,1.264232
ludwig,dual,3,2,1,0.87293
ludwig,dual,3,2,1,0.81571
ludwig,dual,3,2,1,0.787986
ludwig,dual,2,3,1,1.140933
ludwig,dual,3,2,1,0.978303
ludwig,dual,3,2,1,1.492548
ludwig,dual,2,3,1,0.947253
ludwig,dual,3,2,0,0.97667
ludwig,dual,4,1,1,0.661611
ludwig,dual,1,4,1,0.887022
ludwig,dual,2,3,1,0.783752
ludwig,dual,2,3,1,0.635357
ludwig,dual,3,2,1,0.860572
ludwig,dual,2,3,1,1.433478
ludwig,dual,3,2,1,0.946375
ludwig,dual,4,1,0,0.602687
ludwig,dual,4,1,0,1.404884
ludwig,dual,1,4,1,1.087577
ludwig,dual,2,3,0,1.078727
ludwig,dual,1,4,1,0.812816
ludwig,dual,1,4,1,1.899924
ludwig,dual,3,2,1,1.816596
ludwig,dual,3,2,1,1.302464
ludwig,dual,4,1,1,0.828814
ludwig,dual,1,4,1,1.032866
ludwig,dual,1,4,0,0.68634
ludwig,dual,4,1,1,0.766577
ludwig,dual,2,3,0,0.854527
ludwig,dual,2,3,1,0.872211
ludwig,dual,4,1,1,0.88965
ludwig,dual,2,3,0,0.910854
ludwig,dual,2,3,0,1.093377
ludwig,dual,4,1,0,0.972731
ludwig,dual,1,4,1,1.287634
ludwig,dual,3,2,1,0.838744
ludwig,dual,3,2,1,1.125023
ludwig,dual,4,1,1,1.340337
ludwig,dual,1,4,1,0.940362
ludwig,dual,2,3,0,0.887126
ludwig,dual,2,3,1,1.915514
ludwig,dual,3,2,0,1.023631
ludwig,dual,2,3,1,1.081654
ludwig,dual,2,3,1,0.666585
ludwig,dual,3,2,0,2.267765
ludwig,dual,2,3,1,0.566473
ludwig,dual,2,3,0,0.7055
ludwig,dual,3,2,1,0.748247
ludwig,dual,2,3,1,0.724418
ludwig,dual,1,4,1,1.00764
ludwig,dual,4,1,1,0.767413
ludwig,dual,4,1,0,0.706029
ludwig,dual,1,2,1,1.000758
ludwig,dual,1,2,1,0.76017
ludwig,dual,2,1,1,0.76586
ludwig,dual,4,3,1,1.027527
ludwig,dual,3,4,1,1.118701
ludwig,dual,3,4,1,0.87789
ludwig,dual,4,3,0,1.288966
ludwig,dual,4,3,1,0.715298
ludwig,dual,2,1,1,0.741309
ludwig,dual,2,1,1,0.597655
ludwig,dual,2,1,1,0.80248
ludwig,dual,3,4,1,0.562705
ludwig,dual,2,1,1,0.630912
ludwig,dual,2,1,1,0.711875
ludwig,dual,2,1,1,0.605755
ludwig,dual,3,4,0,0.662152
ludwig,dual,1,2,1,1.00798
ludwig,dual,4,3,1,0.817501
ludwig,dual,2,1,0,0.49544
ludwig,dual,3,4,1,0.937485
ludwig,dual,2,1,1,0.593988
ludwig,dual,4,3,1,0.819989
ludwig,dual,3,4,0,0.758971
ludwig,dual,1,2,0,0.971601
ludwig,dual,4,3,0,0.59867
ludwig,dual,2,1,1,1.885092
ludwig,dual,4,3,1,1.375145
ludwig,dual,1,2,0,0.830073
ludwig,dual,4,3,1,1.991043
ludwig,dual,1,2,1,0.663446
ludwig,dual,4,3,1,0.711224
ludwig,dual,1,2,0,0.53897
ludwig,dual,2,1,1,1.030322
ludwig,dual,2,1,1,0.706416
ludwig,dual,4,3,1,1.077261
ludwig,dual,4,3,1,0.708313
ludwig,dual,3,4,1,1.012153
ludwig,dual,3,4,1,0.796411
ludwig,dual,4,3,1,0.776622
ludwig,dual,4,3,1,0.703594
ludwig,dual,3,4,1,0.970388
ludwig,dual,4,3,1,0.638579
ludwig,dual,3,4,1,0.856183
ludwig,dual,4,3,1,0.849078
ludwig,dual,1,2,0,0.713631
ludwig,dual,1,2,0,1.522892
ludwig,dual,2,1,1,1.110475
ludwig,dual,4,3,1,0.691583
ludwig,dual,4,3,1,0.506731
ludwig,dual,4,3,1,0.977309
ludwig,dual,2,1,1,0.687538
ludwig,dual,3,4,1,0.660818
ludwig,dual,4,3,0,0.637864
ludwig,dual,4,3,0,0.623746
ludwig,dual,2,1,1,1.184612
ludwig,dual,4,3,1,0.736582
ludwig,dual,1,2,1,2.271212
ludwig,dual,4,3,1,1.23297
ludwig,dual,3,4,1,1.413901
ludwig,dual,1,2,1,0.827612
ludwig,dual,1,2,1,1.056903
ludwig,dual,3,4,1,0.741255
ludwig,dual,2,1,0,0.875684
ludwig,dual,2,1,1,0.71455
ludwig,dual,3,4,1,0.604307
ludwig,dual,2,1,1,0.767686
ludwig,dual,3,4,1,0.714684
ludwig,dual,2,1,1,0.861061
ludwig,dual,2,1,1,0.679551
ludwig,dual,1,2,1,1.15328
ludwig,dual,2,1,1,0.543005
ludwig,dual,2,1,1,0.735955
ludwig,dual,2,1,1,0.605124
ludwig,dual,2,1,1,0.690186
ludwig,dual,4,3,0,0.687753
ludwig,dual,3,4,1,1.580618
ludwig,dual,4,3,1,1.548448
ludwig,dual,3,4,1,0.865918
ludwig,dual,4,3,1,1.003472
ludwig,dual,2,1,1,0.775854
ludwig,dual,4,3,1,0.76883
ludwig,dual,2,1,1,0.535112
ludwig,dual,3,4,1,0.74300600000000006
ludwig,dual,1,2,1,1.092081
ludwig,dual,4,3,1,0.760537
ludwig,dual,1,2,0,0.731243
ludwig,dual,3,4,0,1.242233
ludwig,dual,1,2,0,0.574259
ludwig,dual,3,4,1,0.924962
ludwig,dual,2,1,1,1.534667
ludwig,dual,1,2,1,1.515629
ludwig,dual,1,2,1,0.953274
ludwig,dual,4,3,1,1.396597
ludwig,dual,2,1,1,0.939327
ludwig,dual,3,4,0,1.250606
ludwig,dual,1,2,0,0.933996
ludwig,dual,3,4,1,0.719092
ludwig,dual,3,4,1,0.969155
ludwig,dual,3,4,1,0.72482
ludwig,dual,3,4,1,0.697205
ludwig,dual,2,1,1,0.810796
ludwig,dual,3,4,0,0.596413
ludwig,dual,3,4,0,1.187024
ludwig,dual,4,3,0,9.01903
ludwig,dual,2,1,1,0.879649
ludwig,dual,2,1,1,0.668701
ludwig,dual,3,4,1,0.811588
ludwig,dual,4,3,1,0.791947
ludwig,dual,1,2,1,0.863321
ludwig,dual,3,4,1,0.768842
ludwig,dual,3,4,0,0.571566
ludwig,dual,1,2,1,0.714261
ludwig,dual,2,1,0,0.93112
ludwig,dual,2,1,1,0.889869
ludwig,dual,3,4,1,0.687654
ludwig,dual,2,1,1,0.698166
ludwig,dual,2,1,1,0.682977
ludwig,dual,4,3,1,0.925139
ludwig,dual,1,2,1,0.63183
ludwig,dual,2,1,0,1.134909
ludwig,dual,3,2,1,0.880049
ludwig,dual,3,2,1,0.722967
ludwig,dual,1,4,1,0.799023
ludwig,dual,4,1,1,1.454624
ludwig,dual,3,2,1,0.665199
ludwig,dual,1,4,1,0.791429
ludwig,dual,3,2,1,1.389108
ludwig,dual,2,3,1,0.881618
ludwig,dual,2,3,0,0.712648
ludwig,dual,1,4,1,0.714277
ludwig,dual,3,2,1,0.906558
ludwig,dual,2,3,1,1.263847
ludwig,dual,1,4,0,0.636626
ludwig,dual,4,1,1,0.698473
ludwig,dual,3,2,1,0.758269
ludwig,dual,3,2,1,0.680621
ludwig,dual,4,1,1,0.702905
ludwig,dual,4,1,0,0.563399
ludwig,dual,3,2,1,0.773017
ludwig,dual,1,4,1,0.758181
ludwig,dual,1,4,1,0.610529
ludwig,dual,4,1,1,0.708397
ludwig,dual,4,1,0,0.502998
ludwig,dual,1,4,1,0.569251
ludwig,dual,2,3,1,0.47644
ludwig,dual,2,3,0,0.558386
ludwig,dual,1,4,0,1.049685
ludwig,dual,1,4,1,1.166008
ludwig,dual,4,1,1,0.701113
ludwig,dual,2,3,1,1.071776
ludwig,dual,3,2,1,1.490141
ludwig,dual,2,3,1,0.940434
ludwig,dual,1,4,0,0.828674
ludwig,dual,1,4,0,0.553884
ludwig,dual,4,1,1,0.767621
ludwig,dual,2,3,1,0.644437
ludwig,dual,4,1,1,0.555195
ludwig,dual,1,4,1,0.785364
ludwig,dual,3,2,1,0.699931
ludwig,dual,3,2,0,0.751584
ludwig,dual,2,3,1,0.670111
ludwig,dual,3,2,1,0.572429
ludwig,dual,1,4,1,0.848814
ludwig,dual,1,4,1,0.899818
ludwig,dual,3,2,0,0.730733
ludwig,dual,4,1,1,0.777932
ludwig,dual,4,1,1,0.811964
ludwig,dual,4,1,1,0.721906
ludwig,dual,4,1,0,0.468474
ludwig,dual,4,1,1,0.860558
ludwig,dual,3,2,1,0.658614
ludwig,dual,2,3,0,0.739446
ludwig,dual,1,4,0,0.799037
ludwig,dual,2,3,1,0.721584
ludwig,dual,1,4,1,0.636139
ludwig,dual,1,4,1,0.816469
ludwig,dual,4,1,1,0.45446
ludwig,dual,2,3,0,0.532215
ludwig,dual,1,4,0,0.447488
ludwig,dual,3,2,1,0.595308
ludwig,dual,3,2,1,1.216439
ludwig,dual,1,4,1,0.755324
ludwig,dual,3,2,1,0.769084
ludwig,dual,4,1,1,0.563126
ludwig,dual,3,2,1,0.797362
ludwig,dual,2,3,1,0.848484
ludwig,dual,2,3,1,0.874108
ludwig,dual,2,3,1,0.875098
ludwig,dual,4,1,1,0.58548
ludwig,dual,1,4,1,0.765874
ludwig,dual,4,1,1,0.796279
ludwig,dual,3,2,1,0.636272
ludwig,dual,4,1,1,1.057026
ludwig,dual,4,1,1,0.804021
ludwig,dual,4,1,0,0.7972
ludwig,dual,1,4,1,1.601949
ludwig,dual,3,2,0,0.754039
ludwig,dual,1,4,0,0.75962
ludwig,dual,3,2,1,1.262389
ludwig,dual,4,1,1,0.887978
ludwig,dual,1,4,0,1.775647
ludwig,dual,2,3,1,0.739477
ludwig,dual,2,3,1,0.672606
ludwig,dual,1,4,1,0.483996
ludwig,dual,4,1,1,1.211688
ludwig,dual,4,1,1,0.689305
ludwig,dual,4,1,1,0.541878
ludwig,dual,4,1,1,0.631552
ludwig,dual,3,2,1,0.575409
ludwig,dual,2,3,1,0.6874
ludwig,dual,1,4,1,0.631243
ludwig,dual,3,2,1,0.807654
ludwig,dual,4,1,0,2.002249
ludwig,dual,3,2,1,0.696532
ludwig,dual,3,2,1,0.768937
ludwig,dual,2,3,1,1.019244
ludwig,dual,3,2,1,0.667081
ludwig,dual,4,1,1,0.598803
ludwig,dual,2,3,0,0.655454
ludwig,dual,4,1,0,0.653191
ludwig,dual,2,3,1,0.690697
ludwig,dual,4,1,1,1.131818
ludwig,dual,2,3,1,1.071499
ludwig,dual,3,2,1,0.810679
ludwig,dual,2,3,0,0.990476
ludwig,dual,3,2,1,0.770981
ludwig,dual,3,2,1,0.896412
ludwig,dual,2,3,1,0.781733
ludwig,dual,1,4,1,0.671491
ludwig,dual,4,1,1,0.839288
ludwig,dual,2,3,0,1.358521
ludwig,dual,4,1,1,0.689748
ludwig,dual,3,2,0,0.443074
ludwig,dual,1,4,1,1.267078
ludwig,dual,3,2,1,0.61517
ludwig,dual,2,3,1,0.940766
ludwig,dual,3,2,0,0.655086
ludwig,dual,4,1,0,5.361608
ludwig,dual,3,2,1,0.668867
ludwig,dual,2,3,1,1.297208
ludwig,dual,4,3,1,0.736689
ludwig,dual,3,4,1,0.729817
ludwig,dual,1,2,0,0.739667
ludwig,dual,4,3,1,0.666288
ludwig,dual,1,2,1,0.883117
ludwig,dual,3,4,1,0.858733
ludwig,dual,2,1,1,1.199316
ludwig,dual,1,2,1,1.074176
ludwig,dual,4,3,1,0.549979
ludwig,dual,4,3,1,0.635072
ludwig,dual,1,2,1,0.881204
ludwig,dual,2,1,1,0.846403
ludwig,dual,1,2,0,0.685442
ludwig,dual,3,4,1,0.581597
ludwig,dual,2,1,1,0.579486
ludwig,dual,2,1,1,1.091558
ludwig,dual,1,2,0,0.577516
ludwig,dual,3,4,1,0.808159
ludwig,dual,2,1,1,0.60201
ludwig,dual,2,1,1,0.612345
ludwig,dual,1,2,1,0.942232
ludwig,dual,3,4,1,0.673396
ludwig,dual,3,4,1,1.060886
ludwig,dual,4,3,0,0.679464
ludwig,dual,1,2,0,0.950293
ludwig,dual,1,2,1,0.892947
ludwig,dual,4,3,1,0.752606
ludwig,dual,4,3,0,0.691811
ludwig,dual,3,4,0,1.008832
ludwig,dual,1,2,0,1.57251
ludwig,dual,1,2,1,0.918906
ludwig,dual,4,3,0,0.939729
ludwig,dual,1,2,1,1.665412
ludwig,dual,4,3,1,0.586533
ludwig,dual,2,1,1,0.858001
ludwig,dual,2,1,1,0.659964
ludwig,dual,3,4,1,0.782523
ludwig,dual,1,2,1,0.654933
ludwig,dual,3,4,1,0.805972
ludwig,dual,4,3,1,0.612769
ludwig,dual,4,3,1,0.764354
ludwig,dual,3,4,1,0.707699
ludwig,dual,3,4,1,0.50618
ludwig,dual,2,1,1,1.196857
ludwig,dual,1,2,1,0.607787
ludwig,dual,1,2,0,0.638873
ludwig,dual,4,3,1,0.640617
ludwig,dual,1,2,1,0.601345
ludwig,dual,3,4,1,1.01442
ludwig,dual,1,2,1,1.507295
ludwig,dual,3,4,1,0.672166
ludwig,dual,4,3,0,2.182765
ludwig,dual,2,1,1,0.668239
ludwig,dual,1,2,0,0.557999
ludwig,dual,2,1,0,1.485818
ludwig,dual,1,2,1,1.541454
ludwig,dual,1,2,1,0.55668
ludwig,dual,4,3,1,0.828476
ludwig,dual,2,1,1,0.639089
ludwig,dual,2,1,1,0.786079
ludwig,dual,2,1,1,0.712237
ludwig,dual,3,4,1,0.656147
ludwig,dual,1,2,1,1.04771
ludwig,dual,1,2,1,1.018722
ludwig,dual,2,1,1,0.629191
ludwig,dual,1,2,1,0.668421
ludwig,dual,4,3,1,0.574797
ludwig,dual,4,3,1,0.875997
ludwig,dual,2,1,1,0.744369
ludwig,dual,2,1,1,0.629579
ludwig,dual,3,4,1,0.668949
ludwig,dual,2,1,1,0.649982
ludwig,dual,4,3,1,0.581913
ludwig,dual,1,2,1,0.557179
ludwig,dual,3,4,1,0.609617
ludwig,dual,3,4,1,1.129918
ludwig,dual,1,2,1,0.449817
ludwig,dual,3,4,0,4.477375
ludwig,dual,2,1,1,4.882151
ludwig,dual,3,4,1,4.530882
ludwig,dual,2,1,1,0.819666
ludwig,dual,1,2,1,0.80909
ludwig,dual,1,2,1,0.735286
ludwig,dual,2,1,1,0.994197
ludwig,dual,2,1,1,0.783546
ludwig,dual,2,1,0,1.129068
ludwig,dual,1,2,0,1.298226
ludwig,dual,2,1,1,0.944524
ludwig,dual,3,4,1,0.746479
ludwig,dual,2,1,0,1.602601
ludwig,dual,4,3,0,1.090215
ludwig,dual,2,1,1,0.725434
ludwig,dual,4,3,0,0.785226
ludwig,dual,4,3,1,0.94412
ludwig,dual,2,1,1,0.712894
ludwig,dual,1,2,1,0.548763
ludwig,dual,1,2,0,0.700666
ludwig,dual,4,3,0,0.76925
ludwig,dual,1,2,0,0.642324
ludwig,dual,4,3,0,1.457012
ludwig,dual,3,4,1,0.795547
ludwig,dual,1,2,1,1.782988
ludwig,dual,3,4,1,0.693008
ludwig,dual,1,2,0,0.637107
ludwig,dual,3,4,1,0.668377
ludwig,dual,2,1,1,0.678104
ludwig,dual,2,1,1,0.907725
ludwig,dual,4,3,0,0.586931
ludwig,dual,3,4,0,0.866932
ludwig,dual,1,2,1,1.414732
ludwig,dual,3,4,1,0.778629
ludwig,dual,3,4,1,0.883937
ludwig,dual,2,1,1,1.11675
ludwig,dual,3,4,1,0.614486
ludwig,dual,4,3,0,0.621341
ludwig,dual,2,1,1,0.63992
ludwig,dual,3,4,0,0.633633
ludwig,dual,4,3,0,0.966821
ludwig,dual,1,2,1,1.058672
ludwig,dual,1,2,1,0.606797
ludwig,dual,2,3,1,0.994837
ludwig,dual,1,4,0,0.719703
ludwig,dual,4,1,1,0.965971
ludwig,dual,1,4,1,0.564162
ludwig,dual,2,3,0,0.76914
ludwig,dual,4,1,1,1.139251
ludwig,dual,3,2,1,0.906286
ludwig,dual,2,3,1,1.810572
ludwig,dual,3,2,1,0.849046
ludwig,dual,4,1,1,0.572523
ludwig,dual,1,4,0,0.603548
ludwig,dual,4,1,1,0.775475
ludwig,dual,3,2,1,1.029713
ludwig,dual,3,2,1,1.159879
ludwig,dual,3,2,1,0.566721
ludwig,dual,3,2,1,1.140751
ludwig,dual,3,2,0,0.49743
ludwig,dual,1,4,1,0.699361
ludwig,dual,4,1,0,0.824801
ludwig,dual,1,4,0,0.987958
ludwig,dual,4,1,1,0.751647
ludwig,dual,1,4,0,0.848244
ludwig,dual,2,3,1,1.81908
ludwig,dual,2,3,1,1.512583
ludwig,dual,3,2,1,0.681147
ludwig,dual,3,2,1,0.707622
ludwig,dual,1,4,0,0.700801
ludwig,dual,1,4,1,0.855914
ludwig,dual,3,2,0,1.014207
ludwig,dual,3,2,1,0.619884
ludwig,dual,3,2,1,0.679854
ludwig,dual,3,2,1,0.614543
ludwig,dual,2,3,1,0.657919
ludwig,dual,3,2,1,0.577057
ludwig,dual,1,4,1,0.533978
ludwig,dual,1,4,1,0.673099
ludwig,dual,3,2,1,0.699466
ludwig,dual,4,1,1,0.576881
ludwig,dual,3,2,1,0.674316
ludwig,dual,4,1,1,0.573001
ludwig,dual,2,3,1,1.002923
ludwig,dual,1,4,1,0.738172
ludwig,dual,1,4,1,0.656481
ludwig,dual,2,3,0,0.567265
ludwig,dual,4,1,1,1.709412
ludwig,dual,3,2,1,0.909813
ludwig,dual,3,2,1,0.68704
ludwig,dual,3,2,0,0.954058
ludwig,dual,2,3,0,1.302573
ludwig,dual,4,1,1,0.807869
ludwig,dual,2,3,0,0.701107
ludwig,dual,2,3,1,0.736152
ludwig,dual,1,4,0,0.965702
ludwig,dual,4,1,1,0.697162
ludwig,dual,2,3,1,1.187967
ludwig,dual,4,1,1,0.615247
ludwig,dual,4,1,1,0.700519
ludwig,dual,4,1,1,0.730863
ludwig,dual,2,3,1,0.869229
ludwig,dual,2,3,1,0.894859
ludwig,dual,1,2,1,1.334612
ludwig,dual,3,4,1,0.698435
ludwig,dual,4,3,0,0.666835
ludwig,dual,2,1,1,1.182377
ludwig,dual,4,3,1,0.799983
ludwig,dual,4,3,1,0.92576
ludwig,dual,4,3,1,0.619647
ludwig,dual,4,3,1,0.563587
ludwig,dual,2,1,0,0.859699
ludwig,dual,1,2,1,0.818817
ludwig,dual,1,2,1,0.663756
ludwig,dual,2,1,1,0.710942
ludwig,dual,1,2,0,0.909407
ludwig,dual,2,1,1,0.802645
ludwig,dual,1,2,1,0.650605
ludwig,dual,1,2,1,0.773069
ludwig,dual,1,2,1,0.811344
ludwig,dual,1,2,1,0.829038
ludwig,dual,1,2,1,0.581655
ludwig,dual,3,4,1,0.845504
ludwig,dual,1,2,1,0.693194
ludwig,dual,3,4,0,1.810138
ludwig,dual,4,3,1,0.869011
ludwig,dual,2,1,0,0.899036
ludwig,dual,1,2,1,0.758915
ludwig,dual,4,3,0,1.178846
ludwig,dual,1,2,1,0.664263
ludwig,dual,4,3,1,1.8971
ludwig,dual,4,3,0,0.533118
ludwig,dual,4,3,1,0.730091
ludwig,dual,1,2,1,0.677826
ludwig,dual,3,4,0,0.874245
ludwig,dual,2,1,1,0.692953
ludwig,dual,2,1,0,1.054855
ludwig,dual,2,1,1,0.802175
ludwig,dual,3,4,1,0.815944
ludwig,dual,1,2,1,1.011508
ludwig,dual,1,2,0,0.829263
ludwig,dual,4,3,0,0.817748
ludwig,dual,2,1,1,1.009168
ludwig,dual,1,2,1,3.238817
ludwig,dual,2,1,0,0.72382
ludwig,dual,1,2,1,0.849687
ludwig,dual,2,1,1,1.049103
ludwig,dual,4,3,1,0.567625
ludwig,dual,2,1,1,0.677186
ludwig,dual,3,4,1,0.505137
ludwig,dual,1,2,1,0.951743
ludwig,dual,3,4,1,0.923299
ludwig,dual,2,1,1,0.75388
ludwig,dual,4,3,1,0.659601
ludwig,dual,1,2,0,0.474919
ludwig,dual,4,3,0,1.528268
ludwig,dual,4,3,1,0.618343
ludwig,dual,1,2,1,0.686662
ludwig,dual,3,4,1,0.655369
ludwig,dual,1,2,1,0.748432
ludwig,dual,4,3,1,0.82023
ludwig,dual,1,2,1,0.825066
ludwig,dual,3,4,1,0.784894
ludwig,dual,1,4,1,0.700253
ludwig,dual,1,4,1,0.618516
ludwig,dual,2,3,1,0.613879
ludwig,dual,2,3,0,0.437997
ludwig,dual,1,4,1,0.602337
ludwig,dual,3,2,1,0.969412
ludwig,dual,2,3,1,0.749866
ludwig,dual,3,2,1,0.776246
ludwig,dual,3,2,1,0.471149
ludwig,dual,1,4,1,0.80147
ludwig,dual,1,4,1,0.462758
ludwig,dual,4,1,1,0.735236
ludwig,dual,3,2,1,0.923663
ludwig,dual,2,3,1,0.990727
ludwig,dual,4,1,1,0.605325
ludwig,dual,3,2,1,0.85645
ludwig,dual,2,3,1,0.372578
ludwig,dual,3,2,1,0.570943
ludwig,dual,3,2,0,0.540197
ludwig,dual,2,3,0,1.156593
ludwig,dual,3,2,1,0.783139
ludwig,dual,2,3,0,0.841868
ludwig,dual,2,3,1,0.934283
ludwig,dual,2,3,1,0.76093
ludwig,dual,1,4,1,0.729395
ludwig,dual,1,4,1,0.647919
ludwig,dual,1,4,1,0.434875
ludwig,dual,1,4,1,0.889902
ludwig,dual,4,1,1,0.708194
ludwig,dual,4,1,1,0.643442
ludwig,dual,4,1,0,0.458909
ludwig,dual,2,3,1,0.926535
ludwig,dual,3,2,0,0.682374
ludwig,dual,1,4,1,0.870729
ludwig,dual,1,4,1,0.575424
ludwig,dual,2,3,1,0.706817
ludwig,dual,4,1,0,0.874605
ludwig,dual,3,2,0,0.70977
ludwig,dual,4,1,1,0.549652
ludwig,dual,3,2,1,0.95409
ludwig,dual,2,3,0,0.875806
ludwig,dual,1,4,0,0.403856
ludwig,dual,4,1,0,0.543653
ludwig,dual,4,1,1,0.604157
ludwig,dual,3,2,1,0.772046
ludwig,dual,2,3,1,0.555296
ludwig,dual,1,4,0,0.815095
ludwig,dual,4,1,1,0.840969
ludwig,dual,3,2,1,1.07699
ludwig,dual,4,1,1,0.749418
ludwig,dual,3,2,1,0.709218
ludwig,dual,2,3,1,0.686347
ludwig,dual,2,3,1,0.477331
ludwig,dual,2,3,0,0.405191
ludwig,dual,4,1,0,0.296834
ludwig,dual,4,1,1,0.39999
ludwig,dual,3,2,1,0.506802
ludwig,dual,2,3,1,0.697896
ludwig,dual,4,1,1,0.537915
ludwig,dual,3,2,1,0.412045
ludwig,dual,2,3,0,0.538438
ludwig,dual,2,3,1,0.636405
ludwig,dual,4,1,1,0.858124
ludwig,dual,2,3,0,0.747254
ludwig,dual,3,2,0,1.701556
ludwig,dual,4,1,1,0.740776
ludwig,dual,1,4,1,1.109246
ludwig,dual,4,1,1,0.735807
ludwig,dual,3,2,1,0.579798
ludwig,dual,1,4,1,0.694136
ludwig,dual,2,3,1,0.54698
ludwig,dual,1,4,1,0.936569
ludwig,dual,4,1,1,0.66318
ludwig,dual,1,4,0,0.77301
ludwig,dual,3,2,1,0.827949
ludwig,dual,3,2,1,0.821274
ludwig,dual,4,1,1,0.814394
ludwig,dual,1,4,1,0.690928
ludwig,dual,3,2,0,0.42364
ludwig,dual,4,1,0,0.497841
ludwig,dual,1,4,1,0.425768
ludwig,dual,1,4,0,0.582617
ludwig,dual,4,1,0,0.626498
ludwig,dual,3,2,1,0.669545
ludwig,dual,4,1,1,0.658745
ludwig,dual,2,3,1,0.544932
ludwig,dual,4,1,1,0.845928
ludwig,dual,3,2,1,0.639775
ludwig,dual,3,2,0,0.447376
ludwig,dual,2,3,1,0.599075
ludwig,dual,2,3,1,1.160735
ludwig,dual,4,1,1,0.666648
ludwig,dual,1,4,1,0.776351
ludwig,dual,4,1,1,1.088716
ludwig,dual,3,2,1,0.665961
ludwig,dual,3,2,1,0.494165
ludwig,dual,4,1,1,0.625433
ludwig,dual,4,1,1,0.606547
ludwig,dual,4,1,1,1.085387
ludwig,dual,4,1,1,0.8034
ludwig,dual,1,4,0,0.951788
ludwig,dual,4,1,1,0.683241
ludwig,dual,2,3,0,1.128642
ludwig,dual,4,1,0,0.389983
ludwig,dual,4,1,1,0.443411
ludwig,dual,4,1,1,1.105822
ludwig,dual,3,2,1,0.599732
ludwig,dual,3,2,1,0.606485
ludwig,dual,4,1,1,0.721
ludwig,dual,3,2,1,0.872261
ludwig,dual,1,4,1,0.27652
ludwig,dual,3,2,1,0.53794
ludwig,dual,2,3,1,0.453243
ludwig,dual,2,3,0,0.593321
ludwig,dual,3,2,1,0.566664
ludwig,dual,2,3,1,0.511357
ludwig,dual,4,1,1,0.509757
ludwig,dual,4,1,1,0.741184
ludwig,dual,2,3,1,0.465201
ludwig,dual,3,2,1,0.377339
ludwig,dual,4,3,1,0.631487
ludwig,dual,3,4,1,0.625504
ludwig,dual,1,2,0,1.729694
ludwig,dual,3,4,1,0.71511
ludwig,dual,1,2,1,0.413725
ludwig,dual,2,1,1,0.346737
ludwig,dual,3,4,1,0.546469
ludwig,dual,3,4,0,0.898012
ludwig,dual,1,2,0,0.765284
ludwig,dual,2,1,1,0.775271
ludwig,dual,2,1,1,7.627982
ludwig,dual,2,1,1,0.589642
ludwig,dual,2,1,1,0.566588
ludwig,dual,1,2,0,0.477335
ludwig,dual,3,4,1,0.753722
ludwig,dual,2,1,1,0.618063
ludwig,dual,4,3,0,0.632267
ludwig,dual,1,2,1,0.874145
ludwig,dual,1,2,1,0.821105
ludwig,dual,2,1,1,0.556699
ludwig,dual,3,4,1,0.732821
ludwig,dual,2,1,0,0.800152
ludwig,dual,4,3,0,0.365779
ludwig,dual,1,2,1,0.600823
ludwig,dual,4,3,1,1.137261
ludwig,dual,4,3,0,0.60545
ludwig,dual,3,4,1,0.839381
ludwig,dual,4,3,0,0.777128
ludwig,dual,2,1,1,0.757221
ludwig,dual,2,1,1,1.765136
ludwig,dual,3,4,1,0.604878
ludwig,dual,2,1,1,0.789055
ludwig,dual,3,4,1,0.719448
ludwig,dual,4,3,1,1.640805
ludwig,dual,1,2,1,1.496436
ludwig,dual,1,2,0,0.818325
ludwig,dual,2,1,1,0.786111
ludwig,dual,3,4,1,0.745936
ludwig,dual,3,4,1,0.664404
ludwig,dual,1,2,1,0.690505
ludwig,dual,4,3,1,0.617603
ludwig,dual,1,2,1,0.773389
ludwig,dual,4,3,1,0.538714
ludwig,dual,1,2,1,1.295057
ludwig,dual,3,4,1,0.808806
ludwig,dual,3,4,0,0.432854
ludwig,dual,3,4,1,0.57017
ludwig,dual,2,1,1,0.684267
ludwig,dual,1,2,1,0.636133
ludwig,dual,3,4,1,1.060663
ludwig,dual,1,2,1,0.455102
ludwig,dual,4,3,0,0.44985
ludwig,dual,3,4,0,0.676651
ludwig,dual,2,1,1,0.777259
ludwig,dual,2,1,1,0.525754
ludwig,dual,1,2,1,0.404419
ludwig,dual,1,2,0,0.568843
ludwig,dual,4,3,1,0.695506
ludwig,dual,4,3,0,0.588932
ludwig,dual,2,1,1,0.802261
ludwig,dual,3,2,1,0.624513
ludwig,dual,1,4,1,0.663121
ludwig,dual,3,2,1,0.651836
ludwig,dual,1,4,0,0.607882
ludwig,dual,1,4,1,0.563954
ludwig,dual,1,4,1,0.586734
ludwig,dual,2,3,1,0.936497
ludwig,dual,2,3,1,0.733222
ludwig,dual,4,1,0,0.44798
ludwig,dual,4,1,1,1.349914
ludwig,dual,2,3,1,0.580884
ludwig,dual,2,3,0,0.624151
ludwig,dual,2,3,0,0.78736
ludwig,dual,3,2,1,1.106977
ludwig,dual,2,3,1,1.230097
ludwig,dual,3,2,1,0.718936
ludwig,dual,3,2,1,0.568664
ludwig,dual,3,2,1,0.94112
ludwig,dual,3,2,1,0.597162
ludwig,dual,4,1,1,0.776923
ludwig,dual,3,2,0,0.694658
ludwig,dual,2,3,1,0.650218
ludwig,dual,4,1,1,0.922557
ludwig,dual,4,1,1,0.64911
ludwig,dual,2,3,1,0.687679
ludwig,dual,2,3,1,0.569035
ludwig,dual,2,3,0,0.63705
ludwig,dual,4,1,1,0.663782
ludwig,dual,3,2,1,0.719009
ludwig,dual,2,3,0,0.765253
ludwig,dual,3,2,1,0.57336
ludwig,dual,1,4,0,0.637498
ludwig,dual,1,4,1,0.461062
ludwig,dual,3,2,1,0.6249
ludwig,dual,3,2,1,0.65157
ludwig,dual,4,1,1,0.649087
ludwig,dual,4,1,1,0.654207
ludwig,dual,1,4,0,0.718237
ludwig,dual,1,4,0,0.805818
ludwig,dual,4,1,1,0.595453
ludwig,dual,3,2,1,0.779072
ludwig,dual,3,2,1,0.490035
ludwig,dual,3,2,1,0.616784
ludwig,dual,3,2,1,0.804535
ludwig,dual,1,4,0,1.123884
ludwig,dual,2,3,1,0.571241
ludwig,dual,3,2,0,0.606158
ludwig,dual,3,2,0,0.463019
ludwig,dual,3,2,1,0.569055
ludwig,dual,4,1,1,0.545677
ludwig,dual,1,4,0,0.541236
ludwig,dual,3,2,1,0.870115
ludwig,dual,4,1,1,0.650977
ludwig,dual,1,4,1,0.349765
ludwig,dual,3,2,1,0.477102
ludwig,dual,3,2,1,0.521426
ludwig,dual,3,2,0,0.415433
ludwig,dual,2,3,0,0.588349
ludwig,dual,4,1,0,0.610811
ludwig,dual,2,3,0,1.329516
ludwig,dual,1,2,1,0.580789
ludwig,dual,3,4,1,0.727539
ludwig,dual,1,2,1,0.492115
ludwig,dual,1,2,1,0.904542
ludwig,dual,2,1,0,0.659737
ludwig,dual,1,2,1,0.739587
ludwig,dual,1,2,1,0.698855
ludwig,dual,4,3,1,0.472033
ludwig,dual,2,1,1,0.472664
ludwig,dual,3,4,0,0.748328
ludwig,dual,2,1,1,0.711506
ludwig,dual,3,4,0,0.662712
ludwig,dual,2,1,0,0.655968
ludwig,dual,4,3,1,1.166859
ludwig,dual,1,2,1,0.824913
ludwig,dual,4,3,1,0.995475
ludwig,dual,1,2,1,0.617992
ludwig,dual,4,3,1,0.938382
ludwig,dual,4,3,1,0.594499
ludwig,dual,1,2,0,1.011833
ludwig,dual,4,3,1,1.015421
ludwig,dual,1,2,1,1.031862
ludwig,dual,1,2,1,0.828459
ludwig,dual,1,2,1,0.733711
ludwig,dual,4,3,1,0.6475
ludwig,dual,3,4,1,0.736243
ludwig,dual,1,2,1,0.82865
ludwig,dual,1,2,1,0.588601
ludwig,dual,2,1,1,0.797621
ludwig,dual,4,3,1,0.665769
ludwig,dual,4,3,0,0.526383
ludwig,dual,2,1,1,0.433158
ludwig,dual,2,1,1,0.792387
ludwig,dual,2,1,1,1.572015
ludwig,dual,4,3,1,1.001086
ludwig,dual,2,1,1,0.710433
ludwig,dual,2,1,0,0.649769
ludwig,dual,1,2,1,1.161042
ludwig,dual,4,3,0,0.43858
ludwig,dual,2,1,0,0.639667
ludwig,dual,1,2,1,0.724565
ludwig,dual,3,4,1,0.675737
ludwig,dual,4,3,0,0.404034
ludwig,dual,2,1,1,0.647348
ludwig,dual,2,1,0,0.434697
ludwig,dual,2,1,0,0.689825
ludwig,dual,2,1,1,0.711819
ludwig,dual,1,2,1,0.957379
ludwig,dual,1,2,1,0.76268
ludwig,dual,1,2,1,1.140762
ludwig,dual,4,3,1,0.716759
ludwig,dual,1,2,1,0.738298
ludwig,dual,4,3,1,1.066721
ludwig,dual,2,1,1,0.754792
ludwig,dual,1,2,1,0.494858
ludwig,dual,3,4,0,0.555764
ludwig,dual,3,4,1,0.565697
ludwig,dual,4,3,0,0.497077
ludwig,dual,4,3,0,0.784831
ludwig,dual,2,1,1,1.208302
