Observer,Condition,Location_1,Location_2,Correct,Response_Time
heimrath,single,4,,1,0.429012
heimrath,single,2,,1,0.425205
heimrath,single,2,,1,0.419538
heimrath,single,3,,0,0.473126
heimrath,single,4,,1,0.404555
heimrath,single,2,,1,0.800482
heimrath,single,1,,1,0.585543
heimrath,single,1,,1,0.843693
heimrath,single,1,,1,0.383435
heimrath,single,1,,1,0.348721
heimrath,single,3,,1,0.361995
heimrath,single,2,,1,0.665721
heimrath,single,2,,1,0.421622
heimrath,single,3,,1,0.391023
heimrath,single,3,,1,0.479777
heimrath,single,4,,1,0.392382
heimrath,single,4,,0,0.378068
heimrath,single,4,,0,0.544922
heimrath,single,2,,1,0.931327
heimrath,single,3,,1,0.612586
heimrath,single,1,,1,0.987095
heimrath,single,1,,1,0.687249
heimrath,single,2,,1,2.858253
heimrath,single,2,,1,0.934943
heimrath,single,2,,1,1.30394
heimrath,single,4,,1,1.540286
heimrath,single,3,,1,0.541176
heimrath,single,3,,1,1.411772
heimrath,single,4,,1,0.514761
heimrath,single,2,,1,0.387802
heimrath,single,4,,1,0.356213
heimrath,single,3,,1,0.843885
heimrath,single,4,,1,2.046101
heimrath,single,3,,1,0.351327
heimrath,single,3,,0,0.808515
heimrath,single,3,,1,0.391297
heimrath,single,2,,1,0.491069
heimrath,single,3,,1,0.843207
heimrath,single,4,,1,0.610016
heimrath,single,3,,1,0.750939
heimrath,single,3,,0,0.515281
heimrath,single,3,,0,0.761986
heimrath,single,4,,0,0.629876
heimrath,single,2,,1,0.332112
heimrath,single,2,,0,0.425033
heimrath,single,3,,0,1.235548
heimrath,single,1,,1,0.452163
heimrath,single,1,,0,0.548173
heimrath,single,1,,0,0.445915
heimrath,single,3,,1,0.483593
heimrath,single,4,,1,0.595183
heimrath,single,1,,0,0.349923
heimrath,single,4,,1,0.359872
heimrath,single,1,,1,0.531539
heimrath,single,4,,1,0.733804
heimrath,single,2,,1,1.327741
heimrath,single,2,,1,1.506853
heimrath,single,4,,0,0.477511
heimrath,single,2,,1,0.483845
heimrath,single,1,,1,0.884643
heimrath,single,4,,1,0.442049
heimrath,single,4,,1,0.320833
heimrath,single,4,,1,0.342381
heimrath,single,1,,1,0.659042
heimrath,single,4,,1,0.852464
heimrath,single,3,,1,0.79491
heimrath,single,4,,1,0.517125
heimrath,single,4,,1,0.423182
heimrath,single,2,,1,0.410642
heimrath,single,1,,0,0.768709
heimrath,single,1,,1,0.340043
heimrath,single,4,,1,0.439438
heimrath,single,2,,1,1.233123
heimrath,single,4,,1,0.314804
heimrath,single,3,,1,0.62558
heimrath,single,3,,1,0.674017
heimrath,single,2,,1,0.407839
heimrath,single,4,,1,0.41734
heimrath,single,2,,1,0.458735
heimrath,single,4,,1,0.521391
heimrath,single,4,,1,0.373875
heimrath,single,1,,1,0.456191
heimrath,single,2,,1,0.752387
heimrath,single,3,,1,0.410439
heimrath,single,1,,0,0.444709
heimrath,single,4,,0,0.341921
heimrath,single,1,,1,1.154932
heimrath,single,1,,1,0.785871
heimrath,single,1,,0,0.659614
heimrath,single,4,,1,0.540616
heimrath,single,4,,1,0.577211
heimrath,single,4,,1,0.963507
heimrath,single,2,,0,0.732961
heimrath,single,2,,1,0.714485
heimrath,single,1,,1,0.67839
heimrath,single,2,,1,0.351427
heimrath,single,4,,1,1.121811
heimrath,single,1,,1,0.596131
heimrath,single,3,,0,0.784134
heimrath,single,2,,1,0.467312
heimrath,single,1,,1,0.579444
heimrath,single,2,,1,0.638598
heimrath,single,3,,1,0.607451
heimrath,single,1,,1,0.44952
heimrath,single,1,,1,0.482428
heimrath,single,1,,0,0.454072
heimrath,single,1,,1,0.95909199999999994
heimrath,single,3,,1,0.557648
heimrath,single,3,,0,0.840378
heimrath,single,4,,0,0.583616
heimrath,single,2,,1,0.34649
heimrath,single,4,,1,0.381425
heimrath,single,1,,1,0.47352
heimrath,single,3,,1,1.58095
heimrath,single,2,,0,0.819981
heimrath,single,2,,1,0.627596
heimrath,single,3,,1,0.426555
heimrath,single,2,,0,1.074879
heimrath,single,4,,1,0.9689
heimrath,single,1,,1,0.520966
heimrath,single,1,,0,1.291194
heimrath,single,3,,1,0.402586
heimrath,single,2,,1,0.402295
heimrath,single,4,,1,0.404957
heimrath,single,3,,1,0.421478
heimrath,single,3,,1,0.391187
heimrath,single,4,,1,0.608278
heimrath,single,2,,1,0.478742
heimrath,single,4,,1,0.406033
heimrath,single,3,,1,0.446691
heimrath,single,3,,1,0.417027
heimrath,single,1,,1,1.315366
heimrath,single,1,,1,0.657542
heimrath,single,2,,1,1.22505
heimrath,single,4,,1,0.408196
heimrath,single,3,,1,0.44111
heimrath,single,4,,1,0.607271
heimrath,single,2,,1,0.50428
heimrath,single,2,,1,0.687865
heimrath,single,2,,1,0.390063
heimrath,single,1,,1,0.526827
heimrath,single,4,,1,1.083068
heimrath,single,3,,1,0.502959
heimrath,single,4,,1,0.770076
heimrath,single,3,,1,0.739793
heimrath,single,3,,1,0.608679
heimrath,single,1,,1,0.525159
heimrath,single,3,,1,0.62296
heimrath,single,2,,1,0.87084
heimrath,single,1,,0,0.458912
heimrath,single,1,,1,0.679488
heimrath,single,4,,0,1.62621
heimrath,single,2,,1,0.408319
heimrath,single,2,,1,0.34726
heimrath,single,3,,1,1.103466
heimrath,single,3,,1,1.922758
heimrath,single,3,,1,0.477421
heimrath,single,1,,1,1.683472
heimrath,single,4,,1,0.513741
heimrath,single,2,,1,1.246061
heimrath,single,3,,1,0.347568
heimrath,single,1,,1,0.350178
heimrath,single,4,,1,0.407475
heimrath,single,4,,1,0.510901
heimrath,single,3,,1,0.477917
heimrath,single,2,,0,0.361364
heimrath,single,3,,1,0.37386
heimrath,single,3,,1,0.588261
heimrath,single,2,,1,1.22564
heimrath,single,4,,1,0.635311
heimrath,single,3,,1,0.380494
heimrath,single,1,,1,0.375545
heimrath,single,3,,0,1.661496
heimrath,single,4,,1,0.562347
heimrath,single,3,,1,0.391816
heimrath,single,4,,1,0.573004
heimrath,single,3,,1,0.358719
heimrath,single,1,,0,0.448495
heimrath,single,1,,1,0.789688
heimrath,single,4,,1,0.375342
heimrath,single,3,,1,0.640125
heimrath,single,1,,0,0.568618
heimrath,single,3,,1,0.83513
heimrath,single,1,,1,0.883665
heimrath,single,3,,0,0.490134
heimrath,single,1,,0,0.513673
heimrath,single,1,,0,0.376178
heimrath,single,4,,0,0.423882
heimrath,single,4,,1,0.387731
heimrath,single,3,,1,0.573866
heimrath,single,3,,0,0.464101
heimrath,single,1,,1,0.431231
heimrath,single,4,,0,0.62279
heimrath,single,1,,1,0.638455
heimrath,single,1,,1,0.684293
heimrath,single,3,,1,0.63799
heimrath,single,2,,1,0.367736
heimrath,single,4,,0,0.413178
heimrath,single,2,,1,1.54635
heimrath,single,2,,1,0.588646
heimrath,single,1,,1,0.403242
heimrath,single,2,,1,0.453508
heimrath,single,4,,0,0.460682
heimrath,single,3,,1,0.520226
heimrath,single,4,,1,0.634298
heimrath,single,2,,1,0.409888
heimrath,single,3,,1,0.413022
heimrath,single,4,,1,0.54688
heimrath,single,2,,1,0.333274
heimrath,single,3,,1,0.446998
heimrath,single,1,,1,0.349044
heimrath,single,3,,0,0.377298
heimrath,single,3,,1,0.569678
heimrath,single,4,,1,0.369471
heimrath,single,3,,1,0.795958
heimrath,single,4,,0,0.395891
heimrath,single,1,,1,0.441708
heimrath,single,4,,0,1.642324
heimrath,single,2,,1,0.681574
heimrath,single,2,,1,0.412563
heimrath,single,1,,0,0.947404
heimrath,single,3,,1,1.468135
heimrath,single,1,,0,1.385961
heimrath,single,3,,1,0.890234
heimrath,single,4,,1,0.364427
heimrath,single,4,,0,0.511005
heimrath,single,1,,1,0.418066
heimrath,single,2,,1,0.572145
heimrath,single,1,,1,0.752451
heimrath,single,3,,1,0.459547
heimrath,single,1,,1,0.429073
heimrath,single,1,,1,0.436974
heimrath,single,2,,1,0.494423
heimrath,single,3,,1,1.146029
heimrath,single,2,,1,0.44326
heimrath,single,4,,0,0.631613
heimrath,single,1,,1,0.634033
heimrath,single,3,,1,0.4348
heimrath,single,4,,1,1.179876
heimrath,single,1,,0,0.655696
heimrath,single,4,,1,0.521911
heimrath,single,2,,1,0.67833
heimrath,single,4,,1,0.620645
heimrath,single,2,,1,0.77815
heimrath,single,3,,0,0.445197
heimrath,single,1,,1,0.413218
heimrath,single,1,,1,0.599807
heimrath,single,3,,1,0.484015
heimrath,single,1,,1,1.34857
heimrath,single,4,,1,0.383829
heimrath,single,1,,0,1.637503
heimrath,single,3,,1,0.618781
heimrath,single,1,,1,0.533097
heimrath,single,3,,0,0.374682
heimrath,single,1,,1,0.429299
heimrath,single,4,,1,0.442975
heimrath,single,1,,1,0.625574
heimrath,single,3,,1,0.367791
heimrath,single,1,,1,0.352013
heimrath,single,1,,1,1.867042
heimrath,single,2,,1,3.281064
heimrath,single,3,,1,0.776665
heimrath,single,1,,1,0.638435
heimrath,single,2,,0,2.264281
heimrath,single,2,,1,0.513824
heimrath,single,3,,1,0.630962
heimrath,single,3,,1,2.319867
heimrath,single,3,,1,0.501081
heimrath,single,2,,0,1.927982
heimrath,single,3,,1,0.510409
heimrath,single,2,,0,0.715447
heimrath,single,3,,1,0.708586
heimrath,single,4,,0,0.976893
heimrath,single,2,,1,1.418678
heimrath,single,1,,0,1.616675
heimrath,single,4,,1,0.942789
heimrath,single,4,,0,0.484537
heimrath,single,1,,0,0.490035
heimrath,single,2,,1,0.705237
heimrath,single,3,,1,0.684327
heimrath,single,1,,1,0.369004
heimrath,single,2,,0,1.378246
heimrath,single,1,,1,0.642707
heimrath,single,1,,1,0.464796
heimrath,single,1,,1,0.972456
heimrath,single,4,,1,0.882636
heimrath,single,3,,1,0.86583
heimrath,single,2,,1,1.145998
heimrath,single,2,,0,1.716012
heimrath,single,4,,1,2.262077
heimrath,single,3,,1,0.750098
heimrath,single,3,,1,2.069462
heimrath,single,1,,1,0.641939
heimrath,single,2,,1,0.821091
heimrath,single,4,,1,0.415816
heimrath,single,3,,1,0.731996
heimrath,single,1,,1,0.540879
heimrath,single,2,,0,0.522876
heimrath,single,1,,1,0.817868
heimrath,single,4,,1,0.387732
heimrath,single,1,,1,0.407597
heimrath,single,2,,1,0.422198
heimrath,single,3,,1,0.473185
heimrath,single,1,,1,0.726645
heimrath,single,1,,1,0.375035
heimrath,single,3,,1,0.556723
heimrath,single,3,,1,0.638788
heimrath,single,4,,1,0.503979
heimrath,single,4,,1,0.705358
heimrath,single,2,,0,1.758112
heimrath,single,4,,0,0.713911
heimrath,single,3,,1,0.481498
heimrath,single,1,,1,0.557651
heimrath,single,1,,1,0.37474
heimrath,single,3,,1,0.750358
heimrath,single,4,,1,0.671499
heimrath,single,1,,1,0.401213
heimrath,single,4,,1,2.4345
heimrath,single,2,,1,0.637068
heimrath,single,2,,0,0.479562
heimrath,single,1,,1,0.554574
heimrath,single,1,,1,0.507921
heimrath,single,1,,1,0.748118
heimrath,single,4,,1,0.785219
heimrath,single,2,,0,1.178073
heimrath,single,3,,1,0.786625
heimrath,single,4,,1,0.388437
heimrath,single,2,,1,0.941736
heimrath,single,3,,1,0.369925
heimrath,single,4,,1,0.775374
heimrath,single,4,,1,0.494868
heimrath,single,4,,1,0.553024
heimrath,single,3,,1,1.596208
heimrath,single,1,,1,0.34304
heimrath,single,1,,0,0.778214
heimrath,single,3,,0,0.575796
heimrath,single,2,,1,0.506193
heimrath,single,3,,0,0.519276
heimrath,single,1,,1,0.518879
heimrath,single,3,,1,1.018581
heimrath,single,2,,1,0.499562
heimrath,single,2,,1,0.470983
heimrath,single,2,,1,0.398225
heimrath,single,2,,1,1.010359
heimrath,single,1,,1,0.67788
heimrath,single,2,,1,0.509779
heimrath,single,4,,0,2.480678
heimrath,single,4,,1,0.34194600000000003
heimrath,single,4,,1,0.236137
heimrath,single,2,,1,0.437601
heimrath,single,1,,0,0.308594
heimrath,single,4,,1,0.244245
heimrath,single,4,,1,0.337852
heimrath,single,1,,1,0.554322
heimrath,single,2,,1,0.478073
heimrath,single,1,,0,0.262685
heimrath,single,1,,1,0.385881
heimrath,single,3,,1,0.484421
heimrath,single,4,,0,0.477444
heimrath,single,1,,0,0.52165
heimrath,single,2,,0,1.711723
heimrath,single,1,,1,0.675963
heimrath,single,2,,1,0.47421
heimrath,single,3,,1,0.641672
heimrath,single,4,,1,0.669612
heimrath,single,3,,1,0.588375
heimrath,single,1,,1,0.504534
heimrath,single,4,,1,0.443355
heimrath,single,1,,1,0.577225
heimrath,single,4,,1,0.395038
heimrath,single,2,,0,0.535845
heimrath,single,4,,1,0.811042
heimrath,single,1,,1,1.258878
heimrath,single,4,,1,0.510909
heimrath,single,4,,0,0.678252
heimrath,single,2,,1,0.396564
heimrath,single,3,,1,0.366628
heimrath,single,4,,1,0.575703
heimrath,single,2,,1,0.426185
heimrath,single,4,,1,0.453314
heimrath,single,3,,1,0.599409
heimrath,single,3,,1,0.447856
heimrath,single,4,,1,0.343294
heimrath,single,1,,0,0.593948
heimrath,single,4,,0,0.545447
heimrath,single,4,,1,0.411322
heimrath,single,3,,0,0.451217
heimrath,single,4,,1,1.837924
heimrath,single,2,,1,0.596294
heimrath,single,3,,1,0.337439
heimrath,single,1,,1,0.334854
heimrath,single,3,,1,0.367453
heimrath,single,3,,0,0.391055
heimrath,single,3,,1,1.063277
heimrath,single,4,,1,1.775017
heimrath,single,4,,1,0.36483
heimrath,single,3,,1,0.462183
heimrath,single,3,,0,0.727996
heimrath,single,2,,1,0.861253
heimrath,single,3,,1,0.760224
heimrath,dual,4,3,0,0.79269
heimrath,dual,1,2,1,0.492811
heimrath,dual,2,1,1,0.889538
heimrath,dual,3,4,1,0.832725
heimrath,dual,1,2,1,0.617055
heimrath,dual,1,2,1,0.848524
heimrath,dual,2,1,1,0.98247
heimrath,dual,1,2,1,2.570583
heimrath,dual,4,3,1,0.662785
heimrath,dual,4,3,1,0.882294
heimrath,dual,2,1,1,0.590386
heimrath,dual,2,1,1,0.995792
heimrath,dual,3,4,1,0.669314
heimrath,dual,2,1,1,0.574718
heimrath,dual,4,3,1,0.595802
heimrath,dual,1,2,0,1.093875
heimrath,dual,3,4,1,0.708153
heimrath,dual,3,4,1,1.233178
heimrath,dual,1,2,0,0.920902
heimrath,dual,3,4,1,0.537965
heimrath,dual,2,1,1,0.381299
heimrath,dual,3,4,1,0.687318
heimrath,dual,2,1,1,0.424213
heimrath,dual,1,2,1,1.412312
heimrath,dual,1,2,1,0.601884
heimrath,dual,2,1,1,1.313354
heimrath,dual,2,1,1,0.536035
heimrath,dual,2,1,1,0.97116
heimrath,dual,1,2,1,1.38289
heimrath,dual,2,1,1,0.383149
heimrath,dual,3,4,1,0.714271
heimrath,dual,2,1,1,1.052376
heimrath,dual,4,3,0,1.193102
heimrath,dual,2,1,1,0.75214
heimrath,dual,4,3,0,0.664521
heimrath,dual,4,3,1,1.209095
heimrath,dual,2,1,1,0.53411
heimrath,dual,1,2,1,1.126386
heimrath,dual,1,2,0,0.443409
heimrath,dual,4,3,1,0.84255
heimrath,dual,1,2,0,0.413754
heimrath,dual,4,3,1,0.637269
heimrath,dual,3,4,1,1.614733
heimrath,dual,1,2,1,0.839163
heimrath,dual,3,4,1,2.122334
heimrath,dual,1,2,1,1.350892
heimrath,dual,3,4,0,2.522176
heimrath,dual,2,1,0,0.996377
heimrath,dual,2,1,1,0.726196
heimrath,dual,4,3,0,0.689812
heimrath,dual,2,3,1,0.599995
heimrath,dual,4,1,1,0.790613
heimrath,dual,4,1,1,0.396712
heimrath,dual,1,4,1,1.192927
heimrath,dual,2,3,1,1.16684
heimrath,dual,3,2,1,0.607407
heimrath,dual,3,2,1,1.670246
heimrath,dual,4,1,1,0.392504
heimrath,dual,1,4,0,1.157551
heimrath,dual,3,2,1,1.271679
heimrath,dual,4,1,1,0.499168
heimrath,dual,4,1,1,0.867488
heimrath,dual,3,2,1,0.523223
heimrath,dual,3,2,0,1.548159
heimrath,dual,1,4,0,1.101956
heimrath,dual,4,1,1,1.523325
heimrath,dual,2,3,1,0.902253
heimrath,dual,1,4,1,0.523523
heimrath,dual,4,1,1,0.499374
heimrath,dual,4,1,1,0.412767
heimrath,dual,1,4,0,1.142515
heimrath,dual,4,1,0,0.392057
heimrath,dual,3,2,1,0.714495
heimrath,dual,3,2,0,1.079069
heimrath,dual,2,3,1,0.778142
heimrath,dual,3,2,1,0.609937
heimrath,dual,3,2,1,0.470908
heimrath,dual,4,1,1,0.500261
heimrath,dual,2,3,1,0.438678
heimrath,dual,4,1,1,0.497597
heimrath,dual,3,2,0,0.41804
heimrath,dual,3,2,1,0.590937
heimrath,dual,4,1,1,0.514731
heimrath,dual,2,3,0,2.708504
heimrath,dual,3,2,1,1.021429
heimrath,dual,1,4,1,0.851568
heimrath,dual,1,4,1,0.921498
heimrath,dual,4,1,1,0.550285
heimrath,dual,3,2,1,0.576148
heimrath,dual,1,4,1,1.928459
heimrath,dual,2,3,0,1.794596
heimrath,dual,3,2,0,1.232739
heimrath,dual,3,2,1,0.40824
heimrath,dual,4,1,1,0.382862
heimrath,dual,2,3,1,2.068293
heimrath,dual,2,3,1,0.394517
heimrath,dual,4,1,1,1.714603
heimrath,dual,2,3,1,0.420334
heimrath,dual,4,1,1,0.55003
heimrath,dual,3,2,1,0.639399
heimrath,dual,4,3,1,0.440135
heimrath,dual,1,2,0,1.126092
heimrath,dual,3,4,1,0.80878
heimrath,dual,2,1,1,0.724006
heimrath,dual,4,3,0,1.240048
heimrath,dual,2,1,1,0.650261
heimrath,dual,2,1,1,0.825797
heimrath,dual,3,4,1,0.743913
heimrath,dual,1,2,1,0.481392
heimrath,dual,4,3,0,0.686525
heimrath,dual,3,4,1,0.770493
heimrath,dual,4,3,1,0.878911
heimrath,dual,2,1,1,0.877744
heimrath,dual,4,3,1,0.811062
heimrath,dual,1,2,1,1.318668
heimrath,dual,2,1,1,1.054245
heimrath,dual,4,3,1,5.446825
heimrath,dual,1,2,1,0.752275
heimrath,dual,3,4,1,0.767719
heimrath,dual,4,3,0,1.406888
heimrath,dual,2,1,0,1.269578
heimrath,dual,2,1,1,0.705817
heimrath,dual,2,1,1,0.837893
heimrath,dual,4,3,1,0.804877
heimrath,dual,3,4,1,0.581291
heimrath,dual,2,1,1,0.398328
heimrath,dual,4,3,0,0.797063
heimrath,dual,3,4,0,0.923836
heimrath,dual,2,1,0,0.717291
heimrath,dual,1,2,1,1.055659
heimrath,dual,3,4,1,0.620552
heimrath,dual,1,2,0,1.0011
heimrath,dual,1,2,1,0.567348
heimrath,dual,3,4,1,0.454457
heimrath,dual,1,2,0,0.635137
heimrath,dual,2,1,1,0.789176
heimrath,dual,4,3,1,0.389909
heimrath,dual,2,1,1,0.525657
heimrath,dual,4,3,0,0.531832
heimrath,dual,3,4,1,0.602983
heimrath,dual,1,2,1,1.907756
heimrath,dual,1,2,1,0.432567
heimrath,dual,2,1,1,0.438775
heimrath,dual,1,2,1,1.011889
heimrath,dual,4,3,1,0.65884
heimrath,dual,4,3,1,0.706588
heimrath,dual,4,3,1,1.16592
heimrath,dual,1,2,1,0.701237
heimrath,dual,3,4,1,0.503576
heimrath,dual,1,2,0,1.147493
heimrath,dual,2,3,1,0.490724
heimrath,dual,3,2,1,0.527451
heimrath,dual,4,1,1,0.493518
heimrath,dual,2,3,1,1.413773
heimrath,dual,3,2,0,0.697247
heimrath,dual,3,2,1,0.745176
heimrath,dual,2,3,1,1.127867
heimrath,dual,4,1,1,0.636462
heimrath,dual,2,3,1,0.985457
heimrath,dual,4,1,1,0.858832
heimrath,dual,3,2,1,0.587424
heimrath,dual,3,2,1,0.683019
heimrath,dual,4,1,1,0.517076
heimrath,dual,4,1,1,0.513207
heimrath,dual,2,3,0,1.075093
heimrath,dual,2,3,1,0.630178
heimrath,dual,2,3,0,0.397342
heimrath,dual,1,4,0,0.558581
heimrath,dual,4,1,1,0.716221
heimrath,dual,3,2,1,0.868318
heimrath,dual,1,4,1,1.429806
heimrath,dual,3,2,1,0.379079
heimrath,dual,3,2,1,0.80946
heimrath,dual,4,1,0,0.615023
heimrath,dual,2,3,1,1.4608
heimrath,dual,2,3,1,0.574855
heimrath,dual,2,3,1,0.431551
heimrath,dual,1,4,1,0.345276
heimrath,dual,3,2,1,0.425244
heimrath,dual,3,2,1,0.553932
heimrath,dual,4,1,1,0.391218
heimrath,dual,2,3,1,0.430739
heimrath,dual,4,1,1,0.373223
heimrath,dual,4,1,1,0.636654
heimrath,dual,3,2,0,1.73288
heimrath,dual,1,4,1,0.626877
heimrath,dual,1,4,0,1.372319
heimrath,dual,3,2,1,0.525514
heimrath,dual,3,2,1,0.583868
heimrath,dual,3,2,1,0.512121
heimrath,dual,1,4,1,2.800215
heimrath,dual,4,1,0,1.511823
heimrath,dual,2,3,1,0.92737
heimrath,dual,4,1,0,0.856983
heimrath,dual,2,3,1,0.525834
heimrath,dual,1,4,1,0.753101
heimrath,dual,2,3,0,0.69128
heimrath,dual,3,2,1,0.826373
heimrath,dual,4,1,1,1.097973
heimrath,dual,1,4,1,0.955479
heimrath,dual,1,4,0,1.303894
heimrath,dual,2,3,1,0.953844
heimrath,dual,1,4,0,1.15583
heimrath,dual,4,1,1,0.548288
heimrath,dual,1,4,1,0.817324
heimrath,dual,2,3,1,0.616088
heimrath,dual,4,1,1,0.410136
heimrath,dual,3,2,1,0.561413
heimrath,dual,1,4,0,0.881878
heimrath,dual,2,3,0,0.875059
heimrath,dual,4,1,1,0.624835
heimrath,dual,1,4,1,1.027323
heimrath,dual,1,4,0,0.901905
heimrath,dual,1,4,1,0.487552
heimrath,dual,4,1,0,0.467974
heimrath,dual,1,4,0,0.591786
heimrath,dual,4,1,1,0.37512
heimrath,dual,2,3,1,1.228375
heimrath,dual,4,1,1,1.672764
heimrath,dual,2,3,1,2.68818
heimrath,dual,1,4,1,0.412198
heimrath,dual,4,1,1,0.938786
heimrath,dual,1,4,1,0.949806
heimrath,dual,4,1,0,0.932967
heimrath,dual,4,1,1,1.720599
heimrath,dual,1,4,1,1.105268
heimrath,dual,2,3,1,1.327169
heimrath,dual,2,3,1,1.078656
heimrath,dual,4,1,1,0.488929
heimrath,dual,1,4,1,1.68435
heimrath,dual,4,1,1,0.829223
heimrath,dual,4,1,1,0.401484
heimrath,dual,3,2,0,0.760549
heimrath,dual,4,1,0,1.225921
heimrath,dual,4,1,1,0.441407
heimrath,dual,2,3,1,0.735164
heimrath,dual,4,1,0,0.461754
heimrath,dual,1,4,1,1.309043
heimrath,dual,3,2,0,0.474083
heimrath,dual,4,1,1,0.419018
heimrath,dual,1,4,1,0.840149
heimrath,dual,4,1,1,0.595118
heimrath,dual,2,3,0,1.154811
heimrath,dual,3,2,1,0.767414
heimrath,dual,1,4,1,0.402626
heimrath,dual,4,1,1,0.839046
heimrath,dual,4,1,1,0.465622
heimrath,dual,1,4,1,1.005324
heimrath,dual,2,3,1,0.579382
heimrath,dual,4,1,1,0.442192
heimrath,dual,2,1,1,0.493479
heimrath,dual,3,4,1,0.999212
heimrath,dual,2,1,1,0.577205
heimrath,dual,1,2,1,1.040083
heimrath,dual,2,1,1,0.738472
heimrath,dual,4,3,1,1.653587
heimrath,dual,1,2,0,1.835314
heimrath,dual,3,4,1,0.927816
heimrath,dual,2,1,1,0.581367
heimrath,dual,2,1,1,1.029075
heimrath,dual,1,2,1,1.481662
heimrath,dual,2,1,1,0.570635
heimrath,dual,4,3,0,1.401445
heimrath,dual,1,2,0,0.34237
heimrath,dual,3,4,0,1.38792
heimrath,dual,1,2,1,1.059964
heimrath,dual,3,4,1,0.522779
heimrath,dual,1,2,1,1.430786
heimrath,dual,1,2,0,1.273609
heimrath,dual,4,3,0,0.906701
heimrath,dual,3,4,1,0.623542
heimrath,dual,4,3,1,0.668655
heimrath,dual,1,2,1,0.40021
heimrath,dual,4,3,1,1.159978
heimrath,dual,1,2,1,0.393175
heimrath,dual,3,4,1,0.825087
heimrath,dual,3,4,1,0.625575
heimrath,dual,3,4,1,0.60557
heimrath,dual,1,2,0,1.981701
heimrath,dual,1,2,1,0.66221699999999994
heimrath,dual,1,2,1,0.823991
heimrath,dual,4,3,1,1.20283
heimrath,dual,1,2,1,0.853571
heimrath,dual,3,4,1,0.577831
heimrath,dual,1,2,1,0.692335
heimrath,dual,1,2,1,0.473294
heimrath,dual,4,3,0,0.517897
heimrath,dual,3,4,1,0.849107
heimrath,dual,3,4,1,0.431894
heimrath,dual,4,3,1,0.970158
heimrath,dual,3,4,1,0.884239
heimrath,dual,2,1,1,0.532467
heimrath,dual,2,1,1,1.24811
heimrath,dual,3,4,0,0.535734
heimrath,dual,1,2,1,0.623954
heimrath,dual,4,3,1,0.653926
heimrath,dual,4,3,1,0.637243
heimrath,dual,1,2,0,0.430187
heimrath,dual,1,2,0,1.095154
heimrath,dual,1,2,1,1.216109
heimrath,dual,4,1,1,0.723648
heimrath,dual,4,1,1,0.468228
heimrath,dual,4,1,1,0.588843
heimrath,dual,1,4,1,0.884387
heimrath,dual,3,2,1,1.072291
heimrath,dual,1,4,1,0.638202
heimrath,dual,3,2,1,1.110913
heimrath,dual,2,3,0,0.736534
heimrath,dual,1,4,1,0.456892
heimrath,dual,1,4,1,0.25051
heimrath,dual,3,2,1,1.319197
heimrath,dual,2,3,0,0.730363
heimrath,dual,2,3,1,0.213542
heimrath,dual,2,3,1,0.467215
heimrath,dual,2,3,1,0.216141
heimrath,dual,3,2,1,0.223894
heimrath,dual,1,4,1,0.509003
heimrath,dual,2,3,1,0.138737
heimrath,dual,4,1,0,0.195972
heimrath,dual,3,2,1,0.035039
heimrath,dual,3,2,1,0.064315
heimrath,dual,2,3,0,0.002983
heimrath,dual,1,4,1,0.694446
heimrath,dual,2,3,0,0.179044
heimrath,dual,4,1,0,0.455568
heimrath,dual,3,2,1,0.451733
heimrath,dual,4,1,1,0.575154
heimrath,dual,4,1,1,0.407804
heimrath,dual,1,4,0,0.752482
heimrath,dual,4,1,1,0.145246
heimrath,dual,2,3,1,0.944502
heimrath,dual,2,3,1,0.647173
heimrath,dual,1,4,0,0.358157
heimrath,dual,2,3,0,1.081159
heimrath,dual,1,4,1,0.58533
heimrath,dual,4,1,1,0.384797
heimrath,dual,3,2,1,0.433146
heimrath,dual,3,2,0,1.250434
heimrath,dual,2,3,0,0.574114
heimrath,dual,1,4,0,0.576524
heimrath,dual,1,4,1,0.305362
heimrath,dual,3,2,1,0.511361
heimrath,dual,4,1,0,0.48131
heimrath,dual,3,2,0,1.969203
heimrath,dual,4,1,0,0.354401
heimrath,dual,3,2,1,0.920847
heimrath,dual,1,4,1,1.646685
heimrath,dual,1,4,0,1.354387
heimrath,dual,1,4,0,0.464759
heimrath,dual,2,3,0,0.529043
heimrath,dual,3,4,1,0.510747
heimrath,dual,2,1,0,1.056845
heimrath,dual,3,4,1,0.676831
heimrath,dual,4,3,1,0.456476
heimrath,dual,4,3,1,2.247515
heimrath,dual,1,2,1,0.729303
heimrath,dual,4,3,0,1.151868
heimrath,dual,3,4,1,0.606945
heimrath,dual,1,2,1,0.649527
heimrath,dual,3,4,1,0.476692
heimrath,dual,4,3,1,0.480605
heimrath,dual,4,3,1,0.904059
heimrath,dual,2,1,1,0.524038
heimrath,dual,4,3,1,1.008042
heimrath,dual,1,2,0,0.638785
heimrath,dual,4,3,1,0.632836
heimrath,dual,3,4,1,0.785075
heimrath,dual,4,3,0,2.189962
heimrath,dual,1,2,1,0.470823
heimrath,dual,3,4,1,0.7699
heimrath,dual,3,4,1,0.629575
heimrath,dual,3,4,1,0.634628
heimrath,dual,2,1,1,0.526965
heimrath,dual,1,2,0,0.624558
heimrath,dual,3,4,1,0.39721
heimrath,dual,3,4,1,0.493636
heimrath,dual,4,3,0,0.616494
heimrath,dual,1,2,1,0.361508
heimrath,dual,2,1,1,0.835063
heimrath,dual,2,1,1,1.133453
heimrath,dual,2,1,1,0.359719
heimrath,dual,4,3,0,0.454469
heimrath,dual,2,1,1,0.7556
heimrath,dual,1,2,1,0.870953
heimrath,dual,3,4,1,1.43774
heimrath,dual,1,2,1,0.800967
heimrath,dual,1,2,0,0.866188
heimrath,dual,3,4,1,0.728918
heimrath,dual,3,4,1,0.588415
heimrath,dual,3,4,1,0.442406
heimrath,dual,2,1,1,0.588256
heimrath,dual,2,1,1,0.62682
heimrath,dual,3,4,1,0.383912
heimrath,dual,4,3,1,1.314257
heimrath,dual,3,4,1,0.802312
heimrath,dual,1,2,0,0.592653
heimrath,dual,4,3,1,0.832136
heimrath,dual,4,3,0,0.393613
heimrath,dual,2,1,0,0.501166
heimrath,dual,2,1,0,0.680175
