Observer,Condition,Location_1,Location_2,Correct,Response_Time
loewe,single,4,,1,0.424107
loewe,single,1,,1,0.375197
loewe,single,3,,1,0.382379
loewe,single,4,,1,0.66915500000000006
loewe,single,3,,1,0.366762
loewe,single,1,,1,0.396427
loewe,single,4,,1,0.447702
loewe,single,3,,1,0.412485
loewe,single,1,,1,0.392516
loewe,single,4,,0,0.570274
loewe,single,4,,1,0.47391
loewe,single,4,,1,0.421749
loewe,single,1,,1,0.429785
loewe,single,3,,1,0.441282
loewe,single,3,,1,0.480497
loewe,single,2,,0,0.719326
loewe,single,3,,1,0.469968
loewe,single,1,,1,0.501533
loewe,single,3,,1,0.47588
loewe,single,3,,1,0.422118
loewe,single,2,,0,0.502008
loewe,single,4,,1,0.587708
loewe,single,3,,1,0.43241
loewe,single,1,,1,0.346652
loewe,single,3,,1,0.458029
loewe,single,1,,1,0.389243
loewe,single,2,,0,0.550417
loewe,single,1,,1,0.604568
loewe,single,3,,1,0.432009
loewe,single,3,,1,0.454059
loewe,single,3,,1,0.673614
loewe,single,1,,1,0.475781
loewe,single,1,,1,0.426553
loewe,single,2,,0,0.473799
loewe,single,4,,1,1.126079
loewe,single,1,,1,0.463656
loewe,single,1,,0,0.738188
loewe,single,4,,1,0.415296
loewe,single,1,,0,0.74003
loewe,single,3,,1,0.347558
loewe,single,4,,1,0.416133
loewe,single,4,,1,0.414416
loewe,single,4,,1,0.503499
loewe,single,4,,1,0.391006
loewe,single,4,,1,0.612575
loewe,single,1,,0,0.506474
loewe,single,1,,1,0.355275
loewe,single,3,,1,0.428952
loewe,single,2,,1,0.730196
loewe,single,4,,1,0.374756
loewe,single,4,,1,0.329846
loewe,single,3,,1,0.431129
loewe,single,2,,1,0.426423
loewe,single,4,,1,0.437485
loewe,single,3,,1,0.363974
loewe,single,3,,1,0.466
loewe,single,2,,1,0.821393
loewe,single,3,,1,0.441043
loewe,single,2,,1,0.461405
loewe,single,3,,1,0.462387
loewe,single,4,,1,0.513251
loewe,single,2,,1,0.377152
loewe,single,2,,1,0.480773
loewe,single,2,,0,0.444398
loewe,single,2,,1,0.433933
loewe,single,2,,1,0.643477
loewe,single,4,,1,0.381663
loewe,single,1,,1,0.70017
loewe,single,4,,1,0.559671
loewe,single,3,,1,0.45774
loewe,single,3,,1,0.671511
loewe,single,3,,1,0.447948
loewe,single,3,,0,0.532086
loewe,single,1,,1,0.402474
loewe,single,4,,1,0.477886
loewe,single,2,,1,0.447282
loewe,single,2,,1,0.654355
loewe,single,1,,1,0.442267
loewe,single,4,,1,0.799515
loewe,single,2,,1,0.456828
loewe,single,1,,1,0.397789
loewe,single,3,,1,0.409036
loewe,single,4,,1,0.559428
loewe,single,1,,1,0.544808
loewe,single,1,,1,0.470687
loewe,single,1,,1,0.663749
loewe,single,2,,1,0.42116
loewe,single,4,,1,0.85304
loewe,single,4,,1,0.360872
loewe,single,4,,1,0.382775
loewe,single,2,,1,0.414198
loewe,single,1,,1,0.456743
loewe,single,1,,1,0.527552
loewe,single,3,,1,0.462676
loewe,single,3,,1,0.467552
loewe,single,4,,1,0.386133
loewe,single,1,,1,0.42536
loewe,single,3,,1,0.413139
loewe,single,1,,1,0.399899
loewe,single,2,,1,0.516553
loewe,single,3,,1,0.482562
loewe,single,2,,1,0.539141
loewe,single,3,,1,0.42563
loewe,single,3,,1,0.502023
loewe,single,3,,1,0.614732
loewe,single,4,,1,0.333317
loewe,single,1,,1,0.625524
loewe,single,1,,0,0.733389
loewe,single,3,,1,0.39554
loewe,single,3,,1,0.491285
loewe,single,1,,1,0.587777
loewe,single,1,,0,0.983098
loewe,single,3,,1,0.57967
loewe,single,2,,0,0.547532
loewe,single,1,,1,1.062682
loewe,single,3,,1,0.414152
loewe,single,1,,0,0.740514
loewe,single,2,,0,0.554459
loewe,single,2,,1,0.457501
loewe,single,3,,1,0.490333
loewe,single,2,,1,0.379547
loewe,single,1,,1,0.570576
loewe,single,1,,1,0.479334
loewe,single,2,,1,0.462557
loewe,single,1,,1,0.387375
loewe,single,1,,1,0.493306
loewe,single,2,,1,0.585887
loewe,single,1,,1,0.392427
loewe,single,2,,1,0.405743
loewe,single,2,,1,0.613091
loewe,single,1,,1,0.386091
loewe,single,2,,1,0.542506
loewe,single,2,,1,0.930715
loewe,single,2,,1,0.408355
loewe,single,1,,1,0.447979
loewe,single,1,,0,0.515194
loewe,single,4,,1,0.32208
loewe,single,4,,1,0.40503
loewe,single,3,,1,0.445918
loewe,single,3,,1,0.375414
loewe,single,2,,0,0.950176
loewe,single,1,,1,0.452558
loewe,single,1,,1,0.646639
loewe,single,3,,1,0.444252
loewe,single,1,,1,0.950431
loewe,single,2,,1,0.6548
loewe,single,4,,0,0.720978
loewe,single,1,,1,0.467148
loewe,single,1,,1,0.346164
loewe,single,1,,1,0.554443
loewe,single,1,,0,0.627906
loewe,single,1,,0,0.472482
loewe,single,3,,1,0.536183
loewe,single,3,,1,0.630859
loewe,single,3,,1,0.406438
loewe,single,2,,0,1.147817
loewe,single,3,,1,0.432734
loewe,single,4,,1,0.426443
loewe,single,4,,1,0.439777
loewe,single,1,,1,0.434641
loewe,single,4,,1,0.401797
loewe,single,3,,1,0.487413
loewe,single,4,,1,0.395083
loewe,single,2,,1,0.410032
loewe,single,3,,1,0.429698
loewe,single,1,,1,1.08995
loewe,single,4,,1,0.48652
loewe,single,4,,1,0.390075
loewe,single,1,,0,0.643497
loewe,single,4,,1,0.376148
loewe,single,2,,1,0.662885
loewe,single,1,,1,0.515416
loewe,single,2,,1,0.428908
loewe,single,1,,1,0.512528
loewe,single,3,,1,0.513392
loewe,single,1,,1,0.652264
loewe,single,4,,1,0.456281
loewe,single,4,,1,0.317105
loewe,single,2,,0,0.895351
loewe,single,4,,1,0.374993
loewe,single,3,,0,0.477717
loewe,single,3,,1,0.400775
loewe,single,3,,1,0.479184
loewe,single,2,,1,0.397598
loewe,single,4,,1,0.970639
loewe,single,4,,1,0.725119
loewe,single,1,,0,0.635153
loewe,single,2,,1,0.455888
loewe,single,4,,1,0.394483
loewe,single,1,,1,0.392749
loewe,single,3,,1,0.553207
loewe,single,2,,0,0.62672
loewe,single,1,,1,0.391362
loewe,single,2,,1,0.759738
loewe,single,2,,0,0.884055
loewe,single,1,,1,0.390573
loewe,single,1,,1,0.512584
loewe,single,4,,1,0.523153
loewe,single,4,,1,0.492145
loewe,single,3,,0,0.507297
loewe,single,4,,1,0.521003
loewe,single,1,,1,0.479909
loewe,single,3,,1,0.574477
loewe,single,1,,1,0.448636
loewe,single,4,,1,0.465287
loewe,single,3,,1,0.610941
loewe,single,3,,1,0.40086
loewe,single,4,,1,0.380973
loewe,single,1,,1,0.359866
loewe,single,3,,1,0.5249
loewe,single,1,,1,0.499945
loewe,single,4,,1,0.399342
loewe,single,1,,1,0.437266
loewe,single,3,,1,0.440017
loewe,single,2,,1,0.404256
loewe,single,3,,1,0.552938
loewe,single,3,,0,0.639998
loewe,single,2,,1,0.499322
loewe,single,1,,1,0.616189
loewe,single,1,,1,0.428573
loewe,single,4,,1,0.424028
loewe,single,3,,0,0.572933
loewe,single,3,,1,0.420947
loewe,single,1,,0,0.381148
loewe,single,1,,1,0.45508
loewe,single,3,,1,0.508869
loewe,single,1,,0,0.544573
loewe,single,1,,1,0.392057
loewe,single,3,,1,0.336387
loewe,single,1,,1,0.383654
loewe,single,1,,1,0.379064
loewe,single,2,,1,0.348503
loewe,single,2,,1,0.382823
loewe,single,4,,1,0.405712
loewe,single,4,,1,0.510018
loewe,single,4,,1,0.337536
loewe,single,4,,0,0.57178
loewe,single,1,,1,0.446069
loewe,single,2,,1,0.451035
loewe,single,1,,0,0.439263
loewe,single,4,,1,0.439482
loewe,single,2,,1,0.520724
loewe,single,1,,1,0.391136
loewe,single,1,,1,0.328912
loewe,single,1,,1,0.582459
loewe,single,1,,1,0.387587
loewe,single,1,,1,0.376481
loewe,single,3,,1,0.326849
loewe,single,1,,1,0.337976
loewe,single,2,,1,0.514576
loewe,single,4,,1,0.467393
loewe,single,2,,1,0.460876
loewe,single,2,,1,0.781666
loewe,single,3,,1,0.415199
loewe,single,2,,1,0.400654
loewe,single,2,,1,0.468246
loewe,single,3,,1,0.504466
loewe,single,3,,0,0.924182
loewe,single,3,,1,0.365481
loewe,single,1,,0,0.663195
loewe,single,2,,1,0.529319
loewe,single,2,,1,0.592933
loewe,single,2,,1,1.441362
loewe,single,3,,1,0.36805
loewe,single,1,,1,0.353153
loewe,single,3,,1,0.417032
loewe,single,4,,0,0.777656
loewe,single,2,,1,0.643383
loewe,single,3,,1,0.415134
loewe,single,4,,0,0.556856
loewe,single,1,,1,0.588904
loewe,single,3,,0,0.841481
loewe,single,1,,1,0.410392
loewe,single,4,,1,0.42681
loewe,single,2,,1,0.431523
loewe,single,4,,0,0.669229
loewe,single,4,,1,0.430652
loewe,single,1,,1,0.347191
loewe,single,3,,1,0.398145
loewe,single,4,,1,0.371717
loewe,single,2,,1,0.747298
loewe,single,1,,1,0.329652
loewe,single,1,,1,0.363968
loewe,single,3,,1,0.340184
loewe,single,2,,1,0.406052
loewe,single,4,,1,0.400727
loewe,single,2,,1,0.6071
loewe,single,2,,1,0.355611
loewe,single,2,,1,0.532497
loewe,single,1,,1,0.367403
loewe,single,3,,1,0.515143
loewe,single,4,,1,0.367593
loewe,single,1,,1,0.395016
loewe,single,3,,1,0.402573
loewe,single,1,,1,0.41718
loewe,single,1,,1,0.36576
loewe,single,1,,1,0.384269
loewe,single,1,,1,0.693744
loewe,single,1,,1,1.09419
loewe,single,2,,1,0.346177
loewe,single,3,,1,0.38835
loewe,single,1,,1,0.470215
loewe,single,3,,1,0.656279
loewe,single,1,,0,0.522447
loewe,single,2,,1,0.561717
loewe,single,3,,1,0.485613
loewe,single,4,,0,0.562331
loewe,single,2,,1,0.497395
loewe,single,1,,1,0.525114
loewe,single,3,,0,0.447477
loewe,single,3,,0,0.406962
loewe,single,4,,1,0.411522
loewe,single,4,,1,0.38701
loewe,single,2,,1,0.720504
loewe,single,2,,1,0.398557
loewe,single,4,,1,0.362085
loewe,single,3,,1,0.555294
loewe,single,4,,1,0.559652
loewe,single,2,,1,0.374568
loewe,single,1,,0,0.374382
loewe,dual,3,4,1,0.756647
loewe,dual,1,2,1,0.355707
loewe,dual,3,4,0,0.547237
loewe,dual,3,4,1,0.79606
loewe,dual,1,2,1,0.461834
loewe,dual,2,1,1,0.513075
loewe,dual,3,4,1,0.963716
loewe,dual,4,3,1,0.8413
loewe,dual,1,2,1,0.357683
loewe,dual,2,1,1,0.828198
loewe,dual,3,4,1,0.589269
loewe,dual,4,3,1,0.703277
loewe,dual,1,2,1,0.692513
loewe,dual,2,1,1,0.738853
loewe,dual,3,4,1,0.840265
loewe,dual,3,4,1,0.504777
loewe,dual,4,3,1,0.666472
loewe,dual,4,3,1,1.018476
loewe,dual,1,2,1,0.719066
loewe,dual,4,3,1,0.89756
loewe,dual,3,4,0,0.712209
loewe,dual,4,3,1,0.472837
loewe,dual,3,4,1,0.772712
loewe,dual,1,2,1,0.429817
loewe,dual,4,3,1,0.446029
loewe,dual,2,1,1,0.654561
loewe,dual,4,3,1,0.404245
loewe,dual,4,3,1,0.39608
loewe,dual,2,1,1,0.593452
loewe,dual,4,3,1,0.599137
loewe,dual,2,1,0,0.64372
loewe,dual,3,4,1,0.545265
loewe,dual,1,2,1,0.486405
loewe,dual,2,1,1,0.613825
loewe,dual,1,2,1,0.611865
loewe,dual,1,2,1,0.377806
loewe,dual,4,3,1,0.426817
loewe,dual,2,1,1,0.761863
loewe,dual,4,3,1,0.442138
loewe,dual,3,4,1,0.811762
loewe,dual,1,2,1,0.586586
loewe,dual,1,2,0,0.504699
loewe,dual,4,3,1,0.708445
loewe,dual,3,4,0,0.579705
loewe,dual,4,3,1,0.33596
loewe,dual,4,3,1,0.368561
loewe,dual,2,1,1,1.11127
loewe,dual,4,3,1,0.561125
loewe,dual,3,4,1,0.707091
loewe,dual,2,1,0,0.810909
loewe,dual,1,2,0,0.673509
loewe,dual,4,3,1,0.576937
loewe,dual,2,1,1,0.902544
loewe,dual,3,4,0,0.567731
loewe,dual,1,2,1,0.357044
loewe,dual,4,3,0,0.711747
loewe,dual,4,3,1,0.301856
loewe,dual,2,1,0,0.518884
loewe,dual,4,3,1,0.424256
loewe,dual,3,4,1,0.860569
loewe,dual,3,2,1,0.655623
loewe,dual,1,4,0,0.637857
loewe,dual,3,2,1,0.668646
loewe,dual,4,1,1,0.458756
loewe,dual,2,3,1,0.495907
loewe,dual,2,3,1,0.56478
loewe,dual,4,1,1,0.926727
loewe,dual,4,1,1,0.463711
loewe,dual,1,4,1,0.403056
loewe,dual,1,4,1,0.389416
loewe,dual,3,2,0,0.679274
loewe,dual,1,4,0,0.60452
loewe,dual,1,4,1,0.61947
loewe,dual,2,3,1,0.531481
loewe,dual,4,1,1,0.366177
loewe,dual,4,1,1,0.656341
loewe,dual,1,4,1,0.550077
loewe,dual,3,2,1,0.457934
loewe,dual,2,3,1,0.419471
loewe,dual,4,1,1,0.734975
loewe,dual,1,4,1,0.536253
loewe,dual,4,1,1,0.635497
loewe,dual,4,1,0,1.117618
loewe,dual,1,4,1,0.524846
loewe,dual,1,4,1,0.636176
loewe,dual,2,3,1,0.703378
loewe,dual,4,1,1,0.43219
loewe,dual,4,1,1,0.553992
loewe,dual,3,2,1,0.50106
loewe,dual,3,2,1,0.552857
loewe,dual,1,4,1,0.585972
loewe,dual,2,3,1,0.681963
loewe,dual,4,1,1,0.593014
loewe,dual,3,2,1,0.511599
loewe,dual,1,4,0,0.59728
loewe,dual,2,3,1,0.516712
loewe,dual,1,4,0,0.540416
loewe,dual,1,4,1,0.32886
loewe,dual,2,3,1,0.498005
loewe,dual,1,4,1,0.608878
loewe,dual,3,2,0,0.514392
loewe,dual,2,3,1,0.58497
loewe,dual,2,3,1,0.665401
loewe,dual,4,1,1,0.506344
loewe,dual,3,2,1,0.615906
loewe,dual,2,3,0,0.480602
loewe,dual,3,2,1,0.756975
loewe,dual,2,3,1,0.626897
loewe,dual,3,2,1,0.661034
loewe,dual,1,4,1,0.607715
loewe,dual,4,1,0,0.491688
loewe,dual,4,1,1,0.513287
loewe,dual,3,2,1,0.471256
loewe,dual,1,4,1,0.744151
loewe,dual,4,1,1,0.577029
loewe,dual,1,4,1,0.683375
loewe,dual,2,3,0,0.64235
loewe,dual,1,4,1,0.738126
loewe,dual,3,2,1,0.717738
loewe,dual,4,1,1,0.473967
loewe,dual,3,2,1,0.39914
loewe,dual,1,4,1,0.519751
loewe,dual,2,3,0,0.469003
loewe,dual,1,4,1,0.289825
loewe,dual,2,3,0,0.973981
loewe,dual,4,1,1,1.001765
loewe,dual,3,2,1,0.400784
loewe,dual,4,1,1,0.609801
loewe,dual,1,4,1,0.392482
loewe,dual,2,3,1,0.501706
loewe,dual,4,1,1,0.432208
loewe,dual,3,2,0,0.512801
loewe,dual,1,4,1,0.342404
loewe,dual,4,1,1,0.337714
loewe,dual,2,3,1,0.856313
loewe,dual,1,4,1,0.461067
loewe,dual,4,1,1,0.405614
loewe,dual,2,3,1,0.473193
loewe,dual,4,1,1,0.503973
loewe,dual,3,2,1,0.510367
loewe,dual,4,1,1,0.521179
loewe,dual,1,4,1,0.503815
loewe,dual,4,1,1,0.575263
loewe,dual,2,3,1,0.773026
loewe,dual,4,1,1,0.410694
loewe,dual,1,4,1,0.582678
loewe,dual,3,2,0,0.70747
loewe,dual,2,3,0,0.610982
loewe,dual,4,1,1,0.446682
loewe,dual,4,1,1,0.659611
loewe,dual,1,4,1,0.500601
loewe,dual,2,3,1,0.492479
loewe,dual,1,4,1,0.437775
loewe,dual,3,2,1,0.407341
loewe,dual,3,2,1,0.428853
loewe,dual,3,2,1,0.50565
loewe,dual,1,4,0,0.538952
loewe,dual,1,4,0,0.673738
loewe,dual,4,1,1,0.495502
loewe,dual,1,4,1,1.011746
loewe,dual,2,3,0,0.541313
loewe,dual,2,3,1,0.512618
loewe,dual,2,3,1,0.978327
loewe,dual,1,4,1,0.312016
loewe,dual,2,3,0,0.73352
loewe,dual,1,4,1,0.56731
loewe,dual,1,4,1,0.420123
loewe,dual,3,2,1,0.536219
loewe,dual,4,1,1,0.463698
loewe,dual,1,4,1,0.599842
loewe,dual,3,2,1,0.616428
loewe,dual,3,2,1,0.635257
loewe,dual,4,1,1,0.528208
loewe,dual,4,1,1,0.505381
loewe,dual,4,1,1,0.492038
loewe,dual,2,3,1,0.648428
loewe,dual,4,1,1,0.589607
loewe,dual,3,2,0,0.662509
loewe,dual,3,2,1,0.451397
loewe,dual,3,2,0,0.508203
loewe,dual,4,3,1,0.405987
loewe,dual,4,3,1,0.429081
loewe,dual,4,3,1,0.663658
loewe,dual,3,4,1,0.618292
loewe,dual,2,1,0,0.536173
loewe,dual,1,2,1,0.530684
loewe,dual,3,4,1,0.584394
loewe,dual,2,1,1,0.439006
loewe,dual,3,4,1,0.362939
loewe,dual,4,3,1,0.399841
loewe,dual,3,4,1,0.631824
loewe,dual,2,1,1,0.564579
loewe,dual,1,2,1,0.773664
loewe,dual,1,2,0,1.443823
loewe,dual,2,1,0,0.595695
loewe,dual,4,3,1,0.737012
loewe,dual,1,2,1,0.362588
loewe,dual,1,2,1,0.687818
loewe,dual,1,2,1,0.590725
loewe,dual,2,1,1,0.632036
loewe,dual,2,1,1,0.522142
loewe,dual,3,4,0,0.559245
loewe,dual,1,2,1,0.60771
loewe,dual,2,1,0,0.474556
loewe,dual,2,1,0,0.529824
loewe,dual,1,2,1,0.503221
loewe,dual,4,3,1,0.599799
loewe,dual,3,4,1,0.399522
loewe,dual,3,4,1,0.568556
loewe,dual,4,3,1,0.315188
loewe,dual,3,4,1,0.460821
loewe,dual,2,1,1,0.524374
loewe,dual,3,4,1,0.568874
loewe,dual,4,3,1,0.625643
loewe,dual,1,2,0,0.440422
loewe,dual,2,1,0,0.535552
loewe,dual,4,3,1,0.3617
loewe,dual,4,3,1,0.341714
loewe,dual,2,1,0,0.738844
loewe,dual,2,1,1,0.442829
loewe,dual,1,2,1,0.529235
loewe,dual,2,1,0,0.529422
loewe,dual,2,1,1,0.557579
loewe,dual,4,3,1,0.474597
loewe,dual,4,3,1,0.511649
loewe,dual,1,2,1,0.5805
loewe,dual,1,2,1,0.721075
loewe,dual,1,2,1,0.415881
loewe,dual,4,3,1,0.755954
loewe,dual,3,4,1,0.557524
loewe,dual,1,2,0,0.667675
loewe,dual,4,3,1,0.51736
loewe,dual,4,3,1,0.593786
loewe,dual,4,3,1,0.493841
loewe,dual,1,2,1,0.457815
loewe,dual,4,3,1,0.372981
loewe,dual,3,4,0,0.592656
loewe,dual,2,1,0,0.828254
loewe,dual,1,2,1,0.63856
loewe,dual,2,1,1,0.696813
loewe,dual,3,4,0,0.5818
loewe,dual,2,1,1,0.686085
loewe,dual,1,2,1,0.373562
loewe,dual,1,2,1,0.407693
loewe,dual,1,2,1,0.423072
loewe,dual,4,3,1,0.466355
loewe,dual,2,1,1,0.376018
loewe,dual,2,1,1,0.428608
loewe,dual,3,4,0,0.687221
loewe,dual,3,4,1,0.466565
loewe,dual,2,1,1,0.640857
loewe,dual,1,2,1,0.411542
loewe,dual,4,3,1,0.334839
loewe,dual,3,4,1,0.668111
loewe,dual,1,2,1,0.612419
loewe,dual,3,4,1,0.490542
loewe,dual,4,3,1,0.319774
loewe,dual,3,4,1,0.733558
loewe,dual,3,4,1,0.617955
loewe,dual,3,4,0,0.613314
loewe,dual,2,1,1,0.446256
loewe,dual,1,2,1,0.329952
loewe,dual,1,2,1,0.507316
loewe,dual,3,4,0,0.636827
loewe,dual,3,4,1,0.468498
loewe,dual,4,3,1,0.398631
loewe,dual,2,1,0,0.58654
loewe,dual,3,4,0,0.605359
loewe,dual,4,3,1,0.537337
loewe,dual,1,2,1,0.443374
loewe,dual,2,1,0,0.567556
loewe,dual,1,2,1,0.475997
loewe,dual,4,3,1,0.386157
loewe,dual,3,4,0,0.634122
loewe,dual,4,3,1,0.456936
loewe,dual,2,1,0,0.568795
loewe,dual,2,1,1,0.614275
loewe,dual,3,4,1,0.733185
loewe,dual,4,3,0,0.874705
loewe,dual,3,4,1,0.548498
loewe,dual,2,1,1,0.561724
loewe,dual,3,4,1,0.511708
loewe,dual,4,3,1,0.508442
loewe,dual,1,2,1,0.636595
loewe,dual,1,2,1,0.683555
loewe,dual,1,2,1,0.491536
loewe,dual,1,2,1,0.922503
loewe,dual,4,3,1,0.452945
loewe,dual,3,4,1,0.476719
loewe,dual,1,2,1,0.485604
loewe,dual,4,3,0,0.821852
loewe,dual,3,4,1,0.511726
loewe,dual,4,3,1,0.574508
loewe,dual,3,4,0,0.419999
loewe,dual,1,2,1,0.88956
loewe,dual,3,4,1,0.351169
loewe,dual,3,4,1,0.372872
loewe,dual,3,4,1,0.496399
loewe,dual,2,1,1,0.425441
loewe,dual,3,4,1,0.376793
loewe,dual,2,3,1,0.917858
loewe,dual,2,3,1,0.57741
loewe,dual,1,4,1,0.507996
loewe,dual,2,3,0,0.756915
loewe,dual,3,2,1,0.444064
loewe,dual,3,2,0,0.63181
loewe,dual,4,1,1,0.346175
loewe,dual,1,4,1,0.470099
loewe,dual,2,3,1,0.352216
loewe,dual,3,2,1,0.898904
loewe,dual,2,3,1,0.296402
loewe,dual,4,1,1,0.557969
loewe,dual,4,1,0,0.654348
loewe,dual,1,4,1,0.611822
loewe,dual,1,4,1,0.716776
loewe,dual,4,1,1,0.429694
loewe,dual,2,3,1,0.690184
loewe,dual,2,3,1,0.572123
loewe,dual,3,2,0,1.129012
loewe,dual,1,4,1,0.574273
loewe,dual,2,3,1,0.327941
loewe,dual,2,3,1,0.397931
loewe,dual,4,1,1,0.520371
loewe,dual,3,2,1,0.347416
loewe,dual,1,4,0,0.275653
loewe,dual,2,3,1,0.444648
loewe,dual,3,2,1,0.520754
loewe,dual,2,3,1,1.127889
loewe,dual,3,2,1,0.448531
loewe,dual,4,1,1,0.644349
loewe,dual,2,3,1,0.447063
loewe,dual,1,4,1,0.440094
loewe,dual,4,1,1,0.459106
loewe,dual,3,2,1,0.57263
loewe,dual,2,3,1,1.230179
loewe,dual,2,3,0,0.646496
loewe,dual,4,1,1,0.387136
loewe,dual,3,2,1,0.498513
loewe,dual,3,2,1,0.726057
loewe,dual,1,4,1,0.562155
loewe,dual,4,1,1,0.585326
loewe,dual,2,3,0,0.5911
loewe,dual,2,3,0,0.636627
loewe,dual,3,2,1,0.878029
loewe,dual,2,3,1,0.932753
loewe,dual,4,1,1,0.489618
loewe,dual,1,4,1,0.718002
loewe,dual,4,1,1,0.473394
loewe,dual,3,2,0,0.611098
loewe,dual,3,2,1,0.488285
loewe,dual,1,4,1,0.647542
loewe,dual,3,2,0,0.643825
loewe,dual,1,4,1,0.683798
loewe,dual,4,1,1,0.417124
loewe,dual,3,2,1,0.531201
loewe,dual,2,3,0,0.702861
loewe,dual,1,4,1,0.404148
loewe,dual,2,3,1,0.569566
loewe,dual,2,3,0,0.539305
loewe,dual,3,2,0,1.040725
loewe,dual,1,4,1,0.866412
loewe,dual,2,3,1,1.134005
loewe,dual,3,2,1,0.397648
loewe,dual,3,2,1,0.491675
loewe,dual,3,2,0,0.826828
loewe,dual,4,1,1,0.471832
loewe,dual,1,4,1,0.458662
loewe,dual,4,1,1,0.538782
loewe,dual,2,3,1,0.502024
loewe,dual,2,3,1,0.699371
loewe,dual,2,3,1,0.513588
loewe,dual,4,1,1,0.643144
loewe,dual,2,3,1,0.554179
loewe,dual,3,2,1,0.765311
loewe,dual,3,2,1,0.735977
loewe,dual,3,2,1,0.819015
loewe,dual,4,1,0,0.761198
loewe,dual,4,1,1,0.257406
loewe,dual,3,2,1,0.434424
loewe,dual,4,1,1,0.787676
loewe,dual,2,3,1,0.557396
loewe,dual,1,4,1,0.695823
loewe,dual,3,2,1,0.421643
loewe,dual,2,3,1,0.624348
loewe,dual,2,3,1,0.62669
loewe,dual,1,4,1,0.494118
loewe,dual,4,1,0,0.708004
loewe,dual,3,2,1,0.758811
loewe,dual,2,3,1,0.758222
loewe,dual,1,4,1,0.506762
loewe,dual,4,1,0,0.677883
loewe,dual,4,1,1,0.532826
loewe,dual,2,3,0,0.523615
loewe,dual,3,2,1,0.585374
loewe,dual,2,3,1,0.628725
loewe,dual,1,4,1,0.343093
loewe,dual,1,4,1,0.560326
loewe,dual,2,3,1,0.805773
loewe,dual,4,1,0,0.382327
loewe,dual,4,1,1,0.513086
loewe,dual,2,3,1,0.835031
loewe,dual,4,1,1,0.440574
loewe,dual,4,1,1,0.630145
loewe,dual,3,2,1,0.644246
loewe,dual,4,1,1,0.590391
loewe,dual,3,2,0,0.533681
loewe,dual,2,3,1,0.637997
loewe,dual,1,4,1,0.52589
loewe,dual,3,2,1,0.555787
loewe,dual,4,1,1,0.579737
loewe,dual,2,3,1,0.746997
loewe,dual,1,4,1,0.469995
loewe,dual,4,1,1,0.633208
loewe,dual,4,1,1,0.549529
loewe,dual,3,2,0,0.604238
loewe,dual,2,3,1,0.32583
loewe,dual,1,4,1,0.442669
loewe,dual,2,3,1,0.598696
loewe,dual,1,4,0,0.53147
loewe,dual,1,4,1,0.717002
loewe,dual,3,4,1,0.47486
loewe,dual,2,1,0,0.628587
loewe,dual,1,2,1,0.501836
loewe,dual,2,1,1,0.579843
loewe,dual,2,1,1,0.517982
loewe,dual,2,1,0,0.529392
loewe,dual,1,2,1,0.739429
loewe,dual,3,4,1,0.587305
loewe,dual,2,1,1,0.429733
loewe,dual,2,1,1,0.475413
loewe,dual,4,3,1,0.53929
loewe,dual,3,4,1,0.394301
loewe,dual,2,1,1,0.497859
loewe,dual,1,2,1,0.99462
loewe,dual,3,4,1,0.425801
loewe,dual,4,3,1,0.491619
loewe,dual,2,1,1,0.445009
loewe,dual,4,3,0,0.658282
loewe,dual,1,2,1,0.471542
loewe,dual,1,2,1,0.495662
loewe,dual,3,4,1,0.736707
loewe,dual,4,3,1,0.439411
loewe,dual,3,4,1,0.523231
loewe,dual,2,1,1,0.672673
loewe,dual,4,3,1,0.529542
loewe,dual,4,3,1,0.459652
loewe,dual,1,2,1,0.499289
loewe,dual,4,3,1,0.652476
loewe,dual,2,1,1,0.523457
loewe,dual,2,1,1,0.490222
loewe,dual,3,4,1,0.380196
loewe,dual,1,2,1,0.315245
loewe,dual,4,3,1,0.30588
loewe,dual,1,2,1,0.379611
loewe,dual,2,1,0,0.445273
loewe,dual,1,2,1,0.434409
loewe,dual,3,4,1,0.898361
loewe,dual,3,4,1,0.569018
loewe,dual,2,1,1,0.43098
loewe,dual,1,2,1,0.555398
loewe,dual,2,1,0,0.611338
loewe,dual,1,2,1,0.5788
loewe,dual,1,2,0,0.713724
loewe,dual,3,4,1,0.866658
loewe,dual,3,4,1,0.599614
loewe,dual,1,2,1,0.631228
loewe,dual,1,2,0,0.442405
loewe,dual,4,3,1,0.37202
loewe,dual,4,3,1,0.331034
loewe,dual,1,2,1,0.843025
loewe,dual,2,1,1,0.562032
loewe,dual,2,1,0,0.569064
loewe,dual,4,3,0,0.488404
loewe,dual,3,4,1,0.670055
loewe,dual,3,4,1,0.804628
loewe,dual,3,4,1,0.672982
loewe,dual,4,3,1,0.560563
loewe,dual,2,1,0,0.629309
loewe,dual,4,3,1,0.482385
loewe,dual,2,1,1,0.645949
loewe,dual,3,4,1,0.566854
loewe,dual,4,3,1,0.381845
loewe,dual,4,3,1,0.3654
loewe,dual,3,4,1,0.548134
loewe,dual,2,1,0,0.874235
loewe,dual,1,2,1,0.336092
loewe,dual,2,1,1,0.404434
loewe,dual,3,4,0,0.499046
loewe,dual,3,4,1,0.472329
loewe,dual,3,4,1,0.656981
loewe,dual,2,1,1,0.353831
loewe,dual,1,2,1,0.532637
loewe,dual,3,4,1,0.600479
loewe,dual,2,1,1,0.427315
loewe,dual,4,3,1,0.551472
loewe,dual,2,1,0,0.539585
loewe,dual,3,4,1,0.496412
loewe,dual,3,4,0,0.499799
loewe,dual,1,2,1,0.462021
loewe,dual,4,3,1,0.476327
loewe,dual,3,4,1,0.596384
loewe,dual,3,4,1,0.475196
loewe,dual,2,1,1,0.506658
loewe,dual,3,4,0,0.53768
loewe,dual,1,2,1,0.467462
loewe,dual,1,2,1,0.420666
loewe,dual,2,1,1,0.57522
loewe,dual,2,1,0,0.880391
loewe,dual,3,4,1,0.295126
loewe,dual,4,3,1,0.494589
loewe,dual,1,2,1,0.492593
loewe,dual,4,3,1,0.614066
loewe,dual,4,3,1,0.564955
loewe,dual,1,2,1,0.438555
loewe,dual,2,1,0,1.165877
loewe,dual,3,4,0,0.500506
loewe,dual,3,4,1,0.356985
loewe,dual,3,4,1,0.420577
loewe,dual,2,1,1,0.676225
loewe,dual,3,4,1,0.478333
loewe,dual,4,3,1,0.718707
loewe,dual,2,1,1,0.588022
loewe,dual,4,3,1,0.816008
loewe,dual,4,3,1,0.457553
loewe,dual,4,3,1,0.371377
loewe,dual,1,2,1,0.408742
loewe,dual,3,4,0,0.583036
loewe,dual,1,2,1,0.457256
loewe,dual,3,4,0,0.524052
loewe,dual,2,1,1,0.517683
loewe,dual,2,1,0,0.675439
loewe,dual,2,1,1,0.547551
loewe,dual,1,2,1,0.715135
loewe,dual,3,4,0,0.587208
loewe,dual,4,3,1,0.504554
loewe,dual,4,3,1,0.485167
loewe,dual,3,4,1,0.842819
loewe,dual,4,3,1,0.356329
loewe,dual,3,4,1,0.518786
loewe,dual,3,4,0,0.441829
loewe,dual,2,3,1,0.763715
loewe,dual,1,4,1,0.662042
loewe,dual,4,1,1,0.419188
loewe,dual,3,2,1,0.409237
loewe,dual,3,2,1,0.45086
loewe,dual,3,2,1,0.415314
loewe,dual,3,2,1,0.391541
loewe,dual,3,2,1,0.545526
loewe,dual,3,2,1,0.630075
loewe,dual,1,4,1,0.323162
loewe,dual,3,2,1,0.625978
loewe,dual,4,1,1,0.332143
loewe,dual,1,4,1,0.737105
loewe,dual,4,1,1,0.336085
loewe,dual,4,1,1,0.338231
loewe,dual,1,4,0,0.511679
loewe,dual,1,4,0,0.661612
loewe,dual,2,3,1,0.48317
loewe,dual,1,4,1,0.66067
loewe,dual,2,3,1,0.455259
loewe,dual,1,4,1,0.768412
loewe,dual,3,2,1,0.510689
loewe,dual,3,2,1,0.821482
loewe,dual,2,3,1,0.710061
loewe,dual,4,1,1,0.378912
loewe,dual,3,2,0,0.86913
loewe,dual,1,4,1,0.489883
loewe,dual,4,1,1,0.657496
loewe,dual,3,2,1,0.560597
loewe,dual,3,2,0,1.017479
loewe,dual,1,4,1,0.502333
loewe,dual,1,4,1,0.984926
loewe,dual,3,2,1,0.353099
loewe,dual,3,2,1,0.502171
loewe,dual,2,3,0,0.595294
loewe,dual,4,1,1,0.633841
loewe,dual,4,1,1,0.349388
loewe,dual,3,2,1,0.623051
loewe,dual,3,2,0,0.496615
loewe,dual,1,4,0,0.574658
loewe,dual,2,3,1,1.081155
loewe,dual,3,2,1,0.353982
loewe,dual,3,2,1,0.326377
loewe,dual,4,1,1,0.889032
loewe,dual,4,1,1,0.334999
loewe,dual,4,1,1,0.629329
loewe,dual,4,1,1,0.434527
loewe,dual,3,2,1,0.395769
loewe,dual,3,2,1,0.872673
loewe,dual,3,2,1,0.394548
loewe,dual,2,3,0,0.635683
loewe,dual,2,3,1,0.526871
loewe,dual,2,3,1,0.574086
loewe,dual,2,3,0,0.751323
loewe,dual,4,1,1,0.539355
loewe,dual,3,2,0,0.648629
loewe,dual,1,4,0,0.67224
loewe,dual,3,2,1,0.540471
loewe,dual,3,2,1,0.410971
loewe,dual,4,1,1,0.485485
loewe,dual,4,3,1,0.485893
loewe,dual,3,4,1,0.75182
loewe,dual,1,2,1,0.443862
loewe,dual,3,4,1,0.601776
loewe,dual,1,2,1,0.405041
loewe,dual,4,3,1,0.39617
loewe,dual,2,1,1,0.594441
loewe,dual,3,4,1,0.672398
loewe,dual,3,4,1,0.585309
loewe,dual,1,2,1,0.421463
loewe,dual,2,1,0,0.735052
loewe,dual,4,3,1,0.289041
loewe,dual,4,3,1,0.391233
loewe,dual,1,2,1,0.557907
loewe,dual,2,1,0,0.596034
loewe,dual,3,4,1,0.391702
loewe,dual,4,3,1,0.346875
loewe,dual,4,3,1,0.361561
loewe,dual,3,4,1,0.607383
loewe,dual,4,3,1,0.411066
loewe,dual,1,2,1,0.383679
loewe,dual,1,2,1,0.311553
loewe,dual,3,4,1,0.518067
loewe,dual,1,2,1,0.366834
loewe,dual,3,4,1,0.712173
loewe,dual,2,1,1,0.611396
loewe,dual,2,1,1,0.493267
loewe,dual,1,2,1,0.423682
loewe,dual,4,3,1,0.321875
loewe,dual,3,4,1,0.676458
loewe,dual,1,2,1,0.425953
loewe,dual,4,3,0,0.602871
loewe,dual,3,4,1,0.533094
loewe,dual,4,3,1,0.441194
loewe,dual,2,1,1,0.485097
loewe,dual,4,3,1,0.364137
loewe,dual,1,2,1,0.357912
loewe,dual,3,4,1,0.54321
loewe,dual,2,1,1,0.57411
loewe,dual,1,2,0,0.395998
loewe,dual,4,3,1,0.345601
loewe,dual,2,1,1,0.559751
loewe,dual,4,3,1,0.441297
loewe,dual,4,3,1,0.381301
loewe,dual,2,1,0,0.486535
loewe,dual,1,2,0,0.86609
loewe,dual,4,3,1,0.355619
loewe,dual,3,4,0,0.681588
loewe,dual,2,1,0,0.463175
loewe,dual,2,1,1,0.337871
loewe,dual,2,1,0,0.896984
loewe,dual,4,3,1,0.519295
loewe,dual,1,2,1,0.643054
loewe,dual,3,4,1,0.71725
loewe,dual,4,3,1,0.301849
loewe,dual,3,4,1,0.323334
loewe,dual,2,1,1,0.334628
loewe,dual,3,4,1,0.532857
loewe,dual,2,1,0,0.715446
loewe,dual,1,2,0,0.812352
loewe,dual,4,1,0,0.501623
loewe,dual,2,3,0,0.952763
loewe,dual,1,4,1,0.372904
loewe,dual,3,2,1,0.665664
loewe,dual,3,2,1,0.436795
loewe,dual,3,2,1,0.459069
loewe,dual,4,1,1,0.539234
loewe,dual,2,3,1,0.557139
loewe,dual,4,1,1,0.565682
loewe,dual,2,3,1,0.574874
loewe,dual,2,3,1,0.563143
loewe,dual,2,3,0,0.384098
loewe,dual,4,1,1,0.462754
loewe,dual,1,4,1,0.591228
loewe,dual,1,4,1,0.445542
loewe,dual,2,3,1,0.610334
loewe,dual,3,2,1,0.700154
loewe,dual,1,4,1,0.449575
loewe,dual,1,4,1,0.481437
loewe,dual,2,3,1,0.559015
loewe,dual,2,3,1,0.546994
loewe,dual,4,1,1,0.658764
loewe,dual,1,4,1,0.451512
loewe,dual,3,2,1,0.516027
loewe,dual,3,2,1,0.441379
loewe,dual,1,4,1,0.503475
loewe,dual,4,1,1,0.544538
loewe,dual,4,1,0,0.788664
loewe,dual,3,2,1,0.66113
loewe,dual,1,4,1,0.55901
loewe,dual,1,4,1,0.371323
loewe,dual,3,2,0,0.705768
loewe,dual,3,2,1,0.39918
loewe,dual,2,3,1,0.635813
loewe,dual,3,2,1,0.523895
loewe,dual,4,1,1,0.597312
loewe,dual,2,3,1,0.336723
loewe,dual,3,2,1,0.54861
loewe,dual,4,1,1,0.490928
loewe,dual,1,4,1,0.423186
loewe,dual,3,2,0,0.644105
loewe,dual,1,4,0,0.536325
loewe,dual,2,3,0,0.668756
loewe,dual,4,1,1,0.379856
loewe,dual,1,4,0,0.572055
loewe,dual,1,4,0,0.73797
loewe,dual,2,3,0,0.684852
loewe,dual,4,1,1,0.630833
loewe,dual,4,1,1,0.496007
loewe,dual,3,2,1,0.521163
loewe,dual,2,3,0,0.629016
loewe,dual,4,1,1,0.62799
loewe,dual,3,2,1,0.573835
loewe,dual,4,1,1,0.464126
loewe,dual,4,1,1,0.634693
loewe,dual,2,3,1,0.772233
loewe,dual,4,1,1,0.338931
loewe,dual,1,4,1,0.457721
loewe,dual,2,3,1,0.59749
loewe,dual,1,4,1,0.691829
loewe,dual,2,3,0,0.853964
loewe,dual,1,4,1,0.391267
loewe,dual,2,3,1,0.47373
loewe,dual,3,2,1,0.397091
loewe,dual,4,1,1,0.797201
loewe,dual,3,2,1,0.489885
loewe,dual,3,2,1,0.357017
loewe,dual,1,4,1,0.498939
loewe,dual,4,1,1,0.600949
loewe,dual,4,1,1,0.666965
loewe,dual,2,3,1,0.587299
loewe,dual,4,1,1,0.626592
loewe,dual,2,3,0,0.804642
loewe,dual,3,2,1,0.616005
loewe,dual,2,3,0,0.76714
loewe,dual,2,3,1,0.458459
loewe,dual,1,4,1,0.520676
loewe,dual,2,3,1,0.559307
loewe,dual,1,4,1,0.5661
loewe,dual,1,4,1,0.554537
loewe,dual,1,4,1,0.512829
loewe,dual,1,4,1,0.742683
loewe,dual,1,4,1,0.69658
loewe,dual,4,1,1,0.353326
loewe,dual,4,1,1,0.699117
loewe,dual,4,1,1,0.450873
loewe,dual,1,4,0,0.685201
loewe,dual,1,4,0,0.480534
loewe,dual,2,3,1,0.74902
loewe,dual,1,4,0,0.613916
loewe,dual,3,2,1,0.632544
loewe,dual,2,3,1,0.514399
loewe,dual,2,3,0,1.057625
loewe,dual,3,2,1,0.662869
loewe,dual,2,3,1,0.70173
loewe,dual,2,3,0,0.854212
loewe,dual,2,3,1,0.813306
loewe,dual,1,4,1,0.689043
loewe,dual,2,3,1,0.861141
loewe,dual,3,2,1,0.645863
loewe,dual,2,3,0,0.620021
loewe,dual,2,3,1,0.531547
loewe,dual,1,4,1,0.653259
loewe,dual,4,1,1,0.644733
loewe,dual,1,4,0,0.519502
loewe,dual,3,2,0,0.655844
loewe,dual,4,1,1,0.46139
loewe,dual,2,3,1,0.54514
loewe,dual,4,1,1,0.443541
loewe,dual,2,3,1,0.650148
loewe,dual,3,2,1,0.511441
loewe,dual,3,2,1,0.446947
loewe,dual,1,4,1,0.570974
loewe,dual,1,4,1,0.543236
loewe,dual,1,4,1,0.556964
loewe,dual,1,4,1,0.444459
loewe,dual,3,2,1,0.64691
loewe,dual,2,3,1,0.601102
loewe,dual,4,1,1,0.485323
loewe,dual,3,2,1,0.652275
loewe,dual,4,3,1,0.508906
loewe,dual,2,1,0,0.491743
loewe,dual,3,4,0,0.491711
loewe,dual,2,1,0,0.586606
loewe,dual,3,4,1,0.955866
loewe,dual,3,4,1,0.754554
loewe,dual,2,1,1,0.44447
loewe,dual,1,2,1,0.466366
loewe,dual,2,1,1,0.710631
loewe,dual,3,4,1,0.457613
loewe,dual,4,3,1,0.608217
loewe,dual,2,1,1,0.568099
loewe,dual,1,2,1,0.503147
loewe,dual,2,1,1,0.683795
loewe,dual,2,1,1,0.570827
loewe,dual,3,4,1,0.518839
loewe,dual,2,1,1,0.61805
loewe,dual,4,3,1,0.382337
loewe,dual,3,4,1,0.619882
loewe,dual,1,2,1,0.51515
loewe,dual,4,3,1,0.442102
loewe,dual,1,2,1,0.364222
loewe,dual,4,3,1,0.488101
loewe,dual,2,1,1,0.631081
loewe,dual,2,1,0,0.844707
loewe,dual,1,2,1,0.484774
loewe,dual,3,4,0,0.690666
loewe,dual,4,3,0,0.915685
loewe,dual,3,4,1,0.510532
loewe,dual,2,1,1,0.669654
loewe,dual,4,3,1,0.312143
loewe,dual,4,3,1,0.436522
loewe,dual,4,3,1,0.607277
loewe,dual,4,3,1,0.568307
loewe,dual,3,4,0,0.575264
loewe,dual,1,2,1,0.817737
loewe,dual,4,3,1,0.46979
loewe,dual,4,3,0,0.376151
loewe,dual,2,1,1,0.571745
loewe,dual,4,3,1,0.570089
loewe,dual,4,3,1,0.360244
loewe,dual,3,4,1,0.855495
loewe,dual,2,1,1,0.418801
loewe,dual,1,2,1,0.489831
loewe,dual,4,3,1,0.714558
loewe,dual,3,4,1,0.567886
loewe,dual,4,3,1,0.54351
loewe,dual,4,3,0,0.396605
loewe,dual,2,1,1,0.730612
loewe,dual,3,4,1,0.525448
loewe,dual,1,2,1,0.460356
loewe,dual,1,2,0,0.695682
loewe,dual,1,2,1,0.3477
loewe,dual,4,3,1,0.614471
loewe,dual,3,4,1,0.518979
loewe,dual,4,3,1,0.321394
loewe,dual,3,4,0,0.676575
loewe,dual,3,4,1,0.491564
loewe,dual,4,3,1,0.303673
loewe,dual,4,3,1,0.333431
loewe,dual,1,4,1,0.502904
loewe,dual,4,1,1,0.305372
loewe,dual,2,3,1,0.548951
loewe,dual,2,3,1,0.445973
loewe,dual,4,1,1,0.466424
loewe,dual,2,3,1,0.425427
loewe,dual,1,4,1,0.514147
loewe,dual,2,3,0,0.719622
loewe,dual,4,1,1,0.371378
loewe,dual,4,1,1,0.349237
loewe,dual,3,2,1,0.434823
loewe,dual,1,4,1,0.564458
loewe,dual,3,2,1,0.409633
loewe,dual,1,4,1,0.449147
loewe,dual,2,3,1,0.50849
loewe,dual,4,1,1,0.477288
loewe,dual,3,2,1,0.419683
loewe,dual,2,3,1,0.533177
loewe,dual,4,1,1,0.35279
loewe,dual,1,4,0,0.429805
loewe,dual,3,2,1,0.53629
loewe,dual,2,3,1,0.624237
loewe,dual,3,2,1,0.339187
loewe,dual,4,1,1,0.340543
loewe,dual,4,1,1,0.3288
loewe,dual,2,3,0,0.590806
loewe,dual,1,4,1,0.44664
loewe,dual,4,1,1,0.483744
loewe,dual,3,2,1,0.566883
loewe,dual,3,2,1,0.405819
loewe,dual,1,4,0,0.475926
loewe,dual,2,3,0,0.566363
loewe,dual,2,3,1,0.802516
loewe,dual,1,4,1,0.446871
loewe,dual,1,4,1,0.459564
loewe,dual,4,1,1,0.351341
loewe,dual,3,2,1,0.60001
loewe,dual,4,1,1,0.426668
loewe,dual,1,4,1,0.476199
loewe,dual,1,4,1,0.528611
loewe,dual,4,1,1,0.538981
loewe,dual,2,3,1,0.556899
loewe,dual,3,2,0,0.350849
loewe,dual,1,4,1,0.460477
loewe,dual,3,2,1,0.496809
loewe,dual,3,2,1,0.446538
loewe,dual,1,4,0,0.475497
loewe,dual,2,3,0,0.541505
loewe,dual,3,2,1,0.468415
loewe,dual,2,3,0,0.727742
loewe,dual,2,3,1,0.780513
loewe,dual,2,3,1,0.483947
loewe,dual,3,2,1,0.465608
loewe,dual,4,1,1,0.401912
loewe,dual,4,1,1,0.29594
loewe,dual,2,3,0,0.429092
loewe,dual,1,4,1,0.463221
loewe,dual,2,3,0,0.401038
loewe,dual,4,1,1,0.316042
loewe,dual,1,4,1,0.675487
loewe,dual,3,4,0,0.560649
loewe,dual,3,4,1,0.785156
loewe,dual,3,4,1,0.509323
loewe,dual,3,4,1,0.448761
loewe,dual,2,1,0,0.438292
loewe,dual,4,3,1,0.453248
loewe,dual,3,4,1,0.580874
loewe,dual,1,2,1,0.32045
loewe,dual,1,2,1,0.326761
loewe,dual,2,1,0,0.628266
loewe,dual,2,1,1,1.059869
loewe,dual,2,1,0,0.775246
loewe,dual,1,2,1,0.416538
loewe,dual,2,1,1,0.563542
loewe,dual,1,2,1,0.399207
loewe,dual,4,3,1,0.269725
loewe,dual,4,3,1,0.276601
loewe,dual,2,1,1,0.417504
loewe,dual,1,2,1,0.385107
loewe,dual,1,2,1,0.290539
loewe,dual,4,3,1,0.385803
loewe,dual,3,4,1,0.518853
loewe,dual,4,3,1,0.323551
loewe,dual,2,1,1,0.50466
loewe,dual,2,1,1,0.511214
loewe,dual,2,1,1,0.558814
loewe,dual,1,2,1,0.266836
loewe,dual,4,3,1,0.559524
loewe,dual,4,3,1,0.453605
loewe,dual,1,2,1,0.375992
loewe,dual,4,3,1,0.35484
loewe,dual,4,3,1,0.291495
loewe,dual,1,2,1,0.528479
loewe,dual,1,2,1,0.312571
loewe,dual,2,1,1,0.631796
loewe,dual,2,1,0,0.476231
loewe,dual,1,2,0,0.340937
loewe,dual,2,1,0,0.692569
loewe,dual,1,2,1,0.29161
loewe,dual,4,3,1,0.321274
loewe,dual,1,2,1,0.401834
loewe,dual,4,3,1,0.349238
loewe,dual,3,4,1,0.594165
loewe,dual,1,2,1,0.471408
loewe,dual,4,3,1,0.407942
loewe,dual,2,1,0,0.538863
loewe,dual,4,3,1,0.336325
loewe,dual,2,1,1,0.69129
loewe,dual,2,1,1,0.516843
loewe,dual,4,3,1,0.358048
loewe,dual,3,4,1,0.876321
loewe,dual,4,3,1,0.323161
loewe,dual,1,2,1,0.407629
loewe,dual,1,2,1,0.575725
loewe,dual,1,2,0,0.484769
loewe,dual,1,2,1,0.399216
loewe,dual,4,3,1,0.348032
loewe,dual,4,3,1,0.39775
loewe,dual,3,4,0,0.843117
loewe,dual,2,1,0,0.576393
