Observer,Condition,Location_1,Location_2,Correct,Response_Time
bartsch,single,2,,1,1.371374
bartsch,single,1,,1,1.045173
bartsch,single,2,,1,1.556879
bartsch,single,3,,1,0.753541
bartsch,single,2,,1,3.093088
bartsch,single,2,,0,0.669641
bartsch,single,3,,1,2.043699
bartsch,single,2,,1,1.709228
bartsch,single,4,,1,0.746314
bartsch,single,1,,1,1.111137
bartsch,single,3,,1,0.94603
bartsch,single,3,,0,0.827807
bartsch,single,2,,1,1.254593
bartsch,single,1,,0,0.772178
bartsch,single,1,,1,0.827745
bartsch,single,3,,1,2.087125
bartsch,single,2,,1,1.489902
bartsch,single,2,,1,0.689824
bartsch,single,1,,1,1.482599
bartsch,single,3,,1,0.767477
bartsch,single,1,,1,0.493288
bartsch,single,1,,1,0.670513
bartsch,single,4,,0,0.754395
bartsch,single,4,,0,0.631304
bartsch,single,1,,1,0.821835
bartsch,single,3,,0,1.917737
bartsch,single,2,,0,1.585371
bartsch,single,3,,1,1.910544
bartsch,single,2,,1,1.119849
bartsch,single,3,,1,0.657481
bartsch,single,1,,1,1.554833
bartsch,single,1,,1,1.565984
bartsch,single,3,,1,0.493148
bartsch,single,3,,0,0.86816
bartsch,single,3,,1,0.753369
bartsch,single,4,,1,2.811882
bartsch,single,2,,1,0.971143
bartsch,single,1,,1,0.679201
bartsch,single,2,,1,0.872634
bartsch,single,4,,1,0.667899
bartsch,single,3,,1,0.597136
bartsch,single,1,,1,0.543978
bartsch,single,2,,1,0.726519
bartsch,single,3,,1,1.928748
bartsch,single,3,,0,0.684843
bartsch,single,4,,0,0.548282
bartsch,single,1,,1,0.601886
bartsch,single,4,,1,0.599396
bartsch,single,1,,1,0.605966
bartsch,single,4,,1,0.547456
bartsch,single,2,,1,1.22732
bartsch,single,4,,1,0.658832
bartsch,single,1,,1,0.51656
bartsch,single,1,,1,2.389493
bartsch,single,1,,0,0.591593
bartsch,single,2,,1,0.557656
bartsch,single,4,,1,2.883238
bartsch,single,2,,1,0.706712
bartsch,single,4,,1,0.465645
bartsch,single,4,,0,0.550418
bartsch,single,1,,1,1.358729
bartsch,single,2,,1,0.581673
bartsch,single,3,,1,0.697051
bartsch,single,1,,1,1.266317
bartsch,single,1,,1,0.608443
bartsch,single,2,,1,2.12138
bartsch,single,3,,0,0.659989
bartsch,single,1,,1,0.48279
bartsch,single,2,,1,0.759331
bartsch,single,3,,1,0.787711
bartsch,single,1,,1,0.582074
bartsch,single,3,,0,0.715464
bartsch,single,3,,0,1.056277
bartsch,single,4,,1,0.519282
bartsch,single,4,,1,0.898422
bartsch,single,2,,1,0.656416
bartsch,single,3,,0,0.569215
bartsch,single,1,,1,0.533239
bartsch,single,4,,1,0.675972
bartsch,single,2,,1,0.525636
bartsch,single,3,,1,4.21205
bartsch,single,4,,1,0.526502
bartsch,single,2,,1,0.415028
bartsch,single,1,,1,1.920365
bartsch,single,2,,1,1.234532
bartsch,single,3,,1,0.460377
bartsch,single,2,,0,0.852946
bartsch,single,3,,0,2.023729
bartsch,single,1,,1,1.364595
bartsch,single,4,,1,1.049336
bartsch,single,1,,1,0.721645
bartsch,single,1,,1,0.454336
bartsch,single,4,,1,0.482612
bartsch,single,2,,1,1.518608
bartsch,single,1,,1,0.571255
bartsch,single,2,,1,0.520744
bartsch,single,3,,0,0.521672
bartsch,single,2,,0,0.712135
bartsch,single,2,,1,1.529649
bartsch,single,3,,1,1.326995
bartsch,single,2,,0,1.143197
bartsch,single,2,,1,0.627899
bartsch,single,3,,0,2.268698
bartsch,single,2,,0,0.728016
bartsch,single,2,,1,0.504118
bartsch,single,2,,1,0.510748
bartsch,single,4,,1,0.757553
bartsch,single,3,,1,1.598821
bartsch,single,4,,0,1.511386
bartsch,single,2,,1,0.478212
bartsch,single,2,,1,1.838617
bartsch,single,4,,1,0.40786
bartsch,single,4,,1,0.496422
bartsch,single,3,,0,0.940065
bartsch,single,1,,1,0.627904
bartsch,single,4,,1,1.249661
bartsch,single,2,,1,0.906545
bartsch,single,3,,1,0.448846
bartsch,single,4,,1,0.378088
bartsch,single,3,,1,0.389312
bartsch,single,2,,1,0.523848
bartsch,single,3,,1,0.896439
bartsch,single,3,,1,0.455626
bartsch,single,2,,1,0.375736
bartsch,single,4,,1,0.878992
bartsch,single,1,,1,0.845093
bartsch,single,1,,1,0.712021
bartsch,single,2,,1,1.215817
bartsch,single,1,,1,0.487643
bartsch,single,4,,1,1.194187
bartsch,single,3,,1,0.501518
bartsch,single,4,,1,0.619889
bartsch,single,2,,1,1.015717
bartsch,single,3,,1,0.616493
bartsch,single,2,,1,0.952468
bartsch,single,3,,0,0.549102
bartsch,single,2,,1,2.566363
bartsch,single,4,,1,0.470194
bartsch,single,4,,1,0.505445
bartsch,single,1,,1,0.509174
bartsch,single,4,,1,0.637948
bartsch,single,4,,0,0.693149
bartsch,single,4,,1,1.942497
bartsch,single,2,,0,0.754395
bartsch,single,1,,1,0.980752
bartsch,single,3,,1,0.574169
bartsch,single,3,,0,0.772097
bartsch,single,3,,1,0.582331
bartsch,single,3,,1,0.590149
bartsch,single,3,,1,0.433857
bartsch,single,4,,1,0.454111
bartsch,single,4,,1,0.424439
bartsch,single,3,,1,1.223158
bartsch,single,1,,0,0.914327
bartsch,single,2,,1,0.495117
bartsch,single,4,,0,0.756044
bartsch,single,3,,1,2.090708
bartsch,single,2,,0,0.630234
bartsch,single,3,,1,0.747601
bartsch,single,1,,1,0.656081
bartsch,single,4,,1,0.473416
bartsch,single,1,,0,2.039043
bartsch,single,3,,1,1.856342
bartsch,single,1,,1,1.163098
bartsch,single,1,,1,0.682612
bartsch,single,2,,1,0.69289
bartsch,single,4,,0,1.496351
bartsch,single,3,,0,0.796581
bartsch,single,2,,1,0.64654
bartsch,single,1,,1,0.894151
bartsch,single,1,,1,1.231122
bartsch,single,2,,0,0.77308
bartsch,single,3,,1,0.523412
bartsch,single,2,,1,0.821503
bartsch,single,3,,1,0.586835
bartsch,single,3,,1,0.480525
bartsch,single,3,,1,0.527922
bartsch,single,4,,0,0.69875
bartsch,single,3,,0,0.650707
bartsch,single,2,,1,0.87506
bartsch,single,1,,1,0.7462
bartsch,single,2,,1,1.388068
bartsch,single,3,,1,0.619271
bartsch,single,2,,0,1.267824
bartsch,single,2,,1,0.931133
bartsch,single,4,,1,0.597244
bartsch,single,1,,1,0.790514
bartsch,single,4,,1,1.263019
bartsch,single,3,,0,0.79131
bartsch,single,3,,1,2.284448
bartsch,single,4,,1,0.598337
bartsch,single,3,,1,0.746994
bartsch,single,3,,0,0.516456
bartsch,single,3,,1,1.522435
bartsch,single,3,,1,1.764749
bartsch,single,4,,1,0.652325
bartsch,single,1,,1,0.508386
bartsch,single,1,,0,0.952824
bartsch,single,4,,0,0.721244
bartsch,single,3,,0,0.710461
bartsch,single,4,,1,0.894965
bartsch,single,3,,1,1.07674
bartsch,single,3,,1,1.077141
bartsch,single,4,,1,0.652591
bartsch,single,3,,0,0.869578
bartsch,single,1,,1,0.737286
bartsch,single,1,,1,0.655449
bartsch,single,4,,1,0.61124
bartsch,single,1,,1,0.909201
bartsch,single,2,,1,0.589054
bartsch,single,4,,1,1.378318
bartsch,single,4,,1,0.935819
bartsch,single,3,,0,1.498123
bartsch,single,1,,1,0.639501
bartsch,single,2,,1,0.780072
bartsch,single,2,,1,0.505214
bartsch,single,4,,1,0.615836
bartsch,single,4,,1,0.626849
bartsch,single,1,,1,0.466558
bartsch,single,1,,1,0.436038
bartsch,single,1,,0,0.60324
bartsch,single,1,,1,1.341741
bartsch,single,1,,1,1.107821
bartsch,single,3,,1,0.935337
bartsch,single,3,,1,0.819797
bartsch,single,3,,1,1.71937
bartsch,single,1,,1,0.59586
bartsch,single,3,,1,0.850687
bartsch,single,1,,1,0.49269
bartsch,single,4,,1,0.813687
bartsch,single,1,,1,1.590521
bartsch,single,2,,0,1.262403
bartsch,single,4,,1,0.672281
bartsch,single,3,,0,0.817624
bartsch,single,4,,1,1.167472
bartsch,single,2,,1,0.728334
bartsch,single,3,,1,0.482395
bartsch,single,4,,0,0.85196
bartsch,single,3,,0,0.656765
bartsch,single,4,,0,1.137753
bartsch,single,2,,1,1.009728
bartsch,single,3,,1,0.710257
bartsch,single,2,,1,1.580672
bartsch,single,2,,1,0.661378
bartsch,single,4,,0,1.040209
bartsch,single,4,,1,0.654257
bartsch,single,4,,1,0.584543
bartsch,single,1,,1,0.671834
bartsch,single,1,,1,0.645285
bartsch,single,2,,1,2.447304
bartsch,single,4,,1,0.58754
bartsch,single,1,,1,0.402948
bartsch,single,3,,1,0.660576
bartsch,single,4,,1,0.71965
bartsch,single,4,,1,0.738593
bartsch,single,4,,1,0.518567
bartsch,single,2,,1,0.655641
bartsch,single,1,,1,0.434646
bartsch,single,1,,1,0.526514
bartsch,single,3,,1,1.191793
bartsch,single,4,,1,0.62028
bartsch,single,4,,0,0.458883
bartsch,single,4,,1,0.457353
bartsch,single,3,,1,0.744936
bartsch,single,2,,1,0.955418
bartsch,single,4,,0,0.825234
bartsch,single,2,,1,0.463927
bartsch,single,1,,1,1.003103
bartsch,single,1,,1,0.661531
bartsch,single,1,,0,0.970937
bartsch,single,3,,1,1.097785
bartsch,single,1,,1,1.331921
bartsch,single,3,,0,0.546309
bartsch,single,3,,0,0.833125
bartsch,single,3,,0,1.218914
bartsch,single,4,,1,2.086528
bartsch,single,4,,1,0.699537
bartsch,single,2,,1,1.115432
bartsch,single,2,,1,0.604746
bartsch,single,4,,0,1.265177
bartsch,single,3,,1,1.0066
bartsch,single,1,,1,0.89994
bartsch,single,4,,1,1.246321
bartsch,single,3,,1,1.459158
bartsch,single,2,,1,0.539466
bartsch,single,2,,0,0.693874
bartsch,single,2,,1,0.645529
bartsch,single,4,,0,1.801901
bartsch,single,2,,1,0.810761
bartsch,single,4,,1,0.690901
bartsch,single,4,,1,0.675303
bartsch,single,2,,1,0.588718
bartsch,single,3,,0,0.747153
bartsch,single,3,,1,1.082652
bartsch,single,1,,0,0.986039
bartsch,single,1,,1,0.683931
bartsch,single,4,,0,0.761504
bartsch,single,1,,0,1.3642
bartsch,single,4,,1,1.48076
bartsch,single,3,,1,1.013804
bartsch,single,4,,1,0.532736
bartsch,single,3,,1,1.584109
bartsch,single,2,,1,0.48736
bartsch,single,2,,0,0.722148
bartsch,single,4,,1,0.581922
bartsch,single,3,,0,1.588523
bartsch,single,1,,1,2.021361
bartsch,single,2,,1,0.882537
bartsch,single,3,,1,0.580076
bartsch,single,1,,1,0.891203
bartsch,single,4,,1,0.506529
bartsch,single,4,,1,0.392213
bartsch,single,3,,1,0.790345
bartsch,single,1,,1,0.672764
bartsch,single,1,,1,1.321452
bartsch,single,4,,1,0.541821
bartsch,single,1,,1,0.480485
bartsch,single,2,,0,0.608148
bartsch,single,2,,1,0.439185
bartsch,single,2,,1,0.822119
bartsch,single,2,,0,1.304858
bartsch,single,4,,1,0.695731
bartsch,single,1,,1,0.542632
bartsch,single,1,,0,0.707761
bartsch,single,4,,1,0.458062
bartsch,single,4,,1,0.406902
bartsch,single,2,,0,0.516397
bartsch,single,4,,1,0.601566
bartsch,single,1,,1,0.884571
bartsch,single,1,,1,0.822127
bartsch,single,4,,1,0.376238
bartsch,single,1,,1,2.282072
bartsch,single,3,,1,1.301032
bartsch,single,4,,0,0.525276
bartsch,single,4,,1,0.804823
bartsch,single,3,,0,0.513371
bartsch,single,2,,1,1.163427
bartsch,single,4,,0,0.832776
bartsch,single,3,,0,2.189903
bartsch,single,4,,0,1.158599
bartsch,single,1,,0,0.888625
bartsch,single,1,,1,0.713278
bartsch,single,3,,1,1.374905
bartsch,single,4,,1,0.679325
bartsch,single,3,,1,0.594411
bartsch,single,1,,1,2.692548
bartsch,single,4,,0,0.764541
bartsch,single,1,,0,0.830244
bartsch,single,1,,0,1.233195
bartsch,single,4,,1,0.785176
bartsch,single,1,,1,0.411234
bartsch,single,2,,1,0.844724
bartsch,single,1,,1,1.685939
bartsch,single,3,,1,1.998658
bartsch,single,3,,1,1.930194
bartsch,single,3,,1,0.688362
bartsch,single,1,,1,2.766812
bartsch,single,4,,1,0.466287
bartsch,single,3,,1,0.404385
bartsch,single,3,,0,0.559107
bartsch,single,1,,0,1.303874
bartsch,single,2,,1,0.572783
bartsch,single,3,,1,1.801211
bartsch,single,4,,1,0.620557
bartsch,single,2,,1,1.207235
bartsch,single,3,,1,0.988279
bartsch,single,4,,1,0.574692
bartsch,single,3,,1,1.021845
bartsch,single,4,,1,0.575872
bartsch,single,2,,0,0.718952
bartsch,single,3,,1,0.916094
bartsch,single,1,,1,0.532565
bartsch,single,1,,1,0.540657
bartsch,single,3,,1,1.79169
bartsch,single,2,,1,0.843571
bartsch,single,4,,0,1.800262
bartsch,single,3,,1,3.148242
bartsch,single,2,,0,0.754111
bartsch,single,2,,1,1.575382
bartsch,single,2,,1,2.366314
bartsch,single,4,,1,0.895511
bartsch,single,1,,1,0.997317
bartsch,single,4,,1,0.631616
bartsch,single,3,,1,0.79152
bartsch,single,4,,0,0.658383
bartsch,single,2,,1,2.099569
bartsch,single,4,,1,0.831293
bartsch,single,2,,0,1.138375
bartsch,single,1,,1,0.562918
bartsch,single,2,,1,0.604951
bartsch,single,2,,1,0.639694
bartsch,single,4,,1,0.515407
bartsch,single,1,,1,1.424
bartsch,single,3,,1,0.667868
bartsch,single,1,,0,0.730389
bartsch,single,4,,1,1.699119
bartsch,single,1,,1,0.606303
bartsch,single,4,,0,0.949975
bartsch,single,3,,0,0.552024
bartsch,single,2,,1,1.520833
bartsch,single,3,,1,0.662782
bartsch,single,2,,1,0.76146
bartsch,single,4,,1,0.597165
bartsch,single,2,,1,1.265366
bartsch,single,1,,1,0.590462
bartsch,single,1,,0,0.517747
bartsch,single,1,,0,0.813297
bartsch,single,1,,0,0.847648
bartsch,single,1,,0,0.657253
bartsch,single,4,,0,1.277861
bartsch,single,2,,1,0.937755
bartsch,single,4,,1,1.487903
bartsch,single,1,,1,0.476208
bartsch,single,2,,1,1.902782
bartsch,single,1,,1,0.55185
bartsch,single,4,,1,0.698776
bartsch,single,4,,1,0.735551
bartsch,single,2,,1,0.43767
bartsch,single,1,,1,0.713833
bartsch,single,2,,1,0.41499
bartsch,single,3,,1,0.515936
bartsch,single,3,,0,0.444822
bartsch,single,2,,1,0.62829
bartsch,single,3,,1,0.62657
bartsch,single,4,,1,0.755701
bartsch,single,1,,1,0.617848
bartsch,single,1,,1,0.385891
bartsch,single,3,,0,0.401262
bartsch,single,1,,1,0.908811
bartsch,single,1,,1,0.505323
bartsch,single,4,,1,3.991874
bartsch,single,4,,1,0.49116
bartsch,single,1,,1,0.946662
bartsch,single,3,,0,0.864277
bartsch,single,1,,1,0.496723
bartsch,single,3,,0,1.712891
bartsch,single,3,,1,0.602404
bartsch,single,4,,1,0.75723
bartsch,single,3,,1,0.682109
bartsch,single,1,,1,0.516163
bartsch,single,3,,1,0.836021
bartsch,single,2,,1,1.808857
bartsch,single,3,,1,0.549155
bartsch,single,2,,1,0.629271
bartsch,single,2,,1,0.498367
bartsch,single,1,,1,0.667383
bartsch,single,4,,0,1.102783
bartsch,single,2,,1,0.869123
bartsch,single,1,,1,0.645371
bartsch,single,4,,0,1.108501
bartsch,single,4,,1,0.726039
bartsch,single,4,,1,0.73665
bartsch,single,1,,1,0.86334
bartsch,single,1,,1,0.602013
bartsch,single,4,,1,0.614828
bartsch,single,1,,1,0.750785
bartsch,single,4,,1,0.658391
bartsch,single,4,,1,0.393085
bartsch,single,3,,0,0.927922
bartsch,single,2,,1,0.638175
bartsch,single,2,,1,1.551387
bartsch,single,2,,0,0.798649
bartsch,single,3,,1,0.761793
bartsch,single,2,,1,0.544942
bartsch,single,4,,0,0.759816
bartsch,single,2,,0,1.447252
bartsch,single,1,,1,0.489784
bartsch,single,2,,0,0.5926
bartsch,single,1,,0,2.038168
bartsch,single,2,,1,0.680475
bartsch,single,3,,1,0.388054
bartsch,single,3,,1,0.698397
bartsch,single,3,,1,1.095308
bartsch,single,2,,1,0.573848
bartsch,single,4,,1,0.780739
bartsch,single,4,,1,0.622783
bartsch,single,2,,1,0.70687
bartsch,single,1,,0,0.443023
bartsch,single,1,,1,0.655046
bartsch,single,2,,1,0.616058
bartsch,dual,3,4,1,0.785839
bartsch,dual,2,1,1,0.779231
bartsch,dual,4,3,1,3.524153
bartsch,dual,3,4,1,1.075532
bartsch,dual,4,3,1,0.717923
bartsch,dual,1,2,1,0.646457
bartsch,dual,2,1,1,1.341674
bartsch,dual,1,2,1,0.535816
bartsch,dual,2,1,1,0.679378
bartsch,dual,4,3,1,0.613661
bartsch,dual,4,3,1,0.913994
bartsch,dual,1,2,1,0.596816
bartsch,dual,2,1,1,1.790694
bartsch,dual,4,3,1,0.575749
bartsch,dual,2,1,1,0.878483
bartsch,dual,1,2,1,0.580058
bartsch,dual,3,4,1,1.464014
bartsch,dual,4,3,0,1.85191
bartsch,dual,3,4,1,0.762888
bartsch,dual,1,2,1,0.708394
bartsch,dual,2,1,1,0.760106
bartsch,dual,2,1,1,0.683782
bartsch,dual,3,4,1,0.691334
bartsch,dual,2,1,1,1.666457
bartsch,dual,2,1,1,1.017603
bartsch,dual,1,2,1,0.783873
bartsch,dual,4,3,1,0.826417
bartsch,dual,2,1,1,0.867645
bartsch,dual,1,2,1,1.143179
bartsch,dual,3,4,0,1.577943
bartsch,dual,3,4,0,0.659126
bartsch,dual,1,2,1,0.620595
bartsch,dual,3,4,0,2.280636
bartsch,dual,4,3,1,2.184744
bartsch,dual,4,3,1,0.579056
bartsch,dual,2,1,1,0.790806
bartsch,dual,2,1,1,0.841282
bartsch,dual,2,1,0,2.330162
bartsch,dual,4,3,1,0.767848
bartsch,dual,3,4,1,4.1558
bartsch,dual,3,4,1,1.538475
bartsch,dual,4,3,0,1.819128
bartsch,dual,2,1,1,2.279102
bartsch,dual,4,3,1,0.722563
bartsch,dual,4,3,1,0.73826
bartsch,dual,1,2,0,0.572441
bartsch,dual,2,1,1,1.002303
bartsch,dual,4,3,0,1.220735
bartsch,dual,1,2,1,1.258458
bartsch,dual,1,2,1,0.697744
bartsch,dual,1,2,1,0.634573
bartsch,dual,2,1,1,0.813322
bartsch,dual,4,3,1,1.6863
bartsch,dual,3,4,1,1.105011
bartsch,dual,3,4,0,1.221261
bartsch,dual,1,2,1,1.863936
bartsch,dual,1,2,1,0.562959
bartsch,dual,2,1,1,1.751497
bartsch,dual,4,3,1,0.935676
bartsch,dual,1,2,1,1.95729
bartsch,dual,1,4,1,1.349629
bartsch,dual,2,3,0,2.078861
bartsch,dual,1,4,1,0.636791
bartsch,dual,4,1,1,0.750392
bartsch,dual,1,4,1,0.906596
bartsch,dual,1,4,1,0.924026
bartsch,dual,4,1,1,1.600151
bartsch,dual,4,1,1,0.718286
bartsch,dual,1,4,1,1.405104
bartsch,dual,1,4,1,0.595568
bartsch,dual,1,4,1,1.109225
bartsch,dual,1,4,0,0.840435
bartsch,dual,3,2,1,0.610677
bartsch,dual,1,4,0,1.610434
bartsch,dual,4,1,1,1.648968
bartsch,dual,3,2,1,1.349506
bartsch,dual,4,1,1,0.615753
bartsch,dual,2,3,0,2.853277
bartsch,dual,1,4,1,2.610892
bartsch,dual,1,4,0,1.622678
bartsch,dual,3,2,1,0.570754
bartsch,dual,2,3,1,0.725012
bartsch,dual,4,1,0,1.074536
bartsch,dual,2,3,0,1.837592
bartsch,dual,2,3,1,0.647933
bartsch,dual,1,4,1,0.613218
bartsch,dual,1,4,1,0.542109
bartsch,dual,3,2,1,0.571135
bartsch,dual,1,4,1,0.819197
bartsch,dual,2,3,0,0.769322
bartsch,dual,1,4,1,0.723026
bartsch,dual,1,4,1,0.672481
bartsch,dual,4,1,1,0.571053
bartsch,dual,1,4,1,0.62146
bartsch,dual,3,2,1,0.87929
bartsch,dual,4,1,1,1.847063
bartsch,dual,2,3,1,1.99432
bartsch,dual,4,1,1,0.677282
bartsch,dual,1,4,0,0.648734
bartsch,dual,2,3,0,1.486984
bartsch,dual,3,2,1,0.874381
bartsch,dual,1,4,1,1.615059
bartsch,dual,1,4,1,1.843721
bartsch,dual,4,1,1,0.74475
bartsch,dual,4,1,0,1.599489
bartsch,dual,3,2,0,0.690483
bartsch,dual,1,4,1,1.590163
bartsch,dual,2,3,0,1.111759
bartsch,dual,1,4,1,0.858248
bartsch,dual,2,3,1,1.136566
bartsch,dual,3,2,1,1.16493
bartsch,dual,4,1,1,0.659155
bartsch,dual,4,1,1,0.627953
bartsch,dual,3,2,1,0.77185
bartsch,dual,1,4,1,1.095906
bartsch,dual,3,2,0,1.762442
bartsch,dual,4,1,0,0.855397
bartsch,dual,3,2,1,0.510363
bartsch,dual,4,1,1,1.08252
bartsch,dual,4,1,0,0.647901
bartsch,dual,1,4,1,1.04974
bartsch,dual,3,2,1,0.607927
bartsch,dual,1,4,1,0.670537
bartsch,dual,1,4,1,0.761725
bartsch,dual,1,4,1,1.268718
bartsch,dual,2,3,1,1.947837
bartsch,dual,1,4,1,1.135647
bartsch,dual,1,4,1,0.622618
bartsch,dual,4,1,1,0.790286
bartsch,dual,3,2,1,0.744533
bartsch,dual,3,2,1,0.716844
bartsch,dual,1,4,1,1.051871
bartsch,dual,4,1,1,0.517422
bartsch,dual,4,1,0,0.395775
bartsch,dual,2,3,1,0.965144
bartsch,dual,3,2,1,0.550733
bartsch,dual,1,4,1,1.135603
bartsch,dual,2,3,1,0.626647
bartsch,dual,1,4,1,0.73976
bartsch,dual,3,2,0,1.595042
bartsch,dual,3,2,1,0.698948
bartsch,dual,1,4,0,2.481561
bartsch,dual,1,4,1,1.091526
bartsch,dual,2,3,0,3.249894
bartsch,dual,2,3,1,0.561093
bartsch,dual,4,1,1,1.785837
bartsch,dual,4,1,1,1.226625
bartsch,dual,1,4,1,1.594152
bartsch,dual,4,1,1,1.039671
bartsch,dual,3,2,1,0.57248
bartsch,dual,3,2,0,1.173389
bartsch,dual,2,3,1,1.572591
bartsch,dual,3,2,1,0.780105
bartsch,dual,3,2,1,1.048335
bartsch,dual,2,3,1,0.88296
bartsch,dual,1,4,0,0.540727
bartsch,dual,1,4,1,2.22082
bartsch,dual,2,3,1,2.691753
bartsch,dual,1,4,0,2.009284
bartsch,dual,3,2,1,1.203864
bartsch,dual,3,2,0,1.107255
bartsch,dual,1,4,0,1.880632
bartsch,dual,2,3,0,0.998803
bartsch,dual,1,4,1,2.333276
bartsch,dual,1,4,0,1.389146
bartsch,dual,1,4,1,0.532149
bartsch,dual,4,1,1,0.87365
bartsch,dual,3,2,1,0.559845
bartsch,dual,1,4,0,1.865929
bartsch,dual,2,3,1,0.9306
bartsch,dual,2,3,1,1.623762
bartsch,dual,3,2,0,1.23773
bartsch,dual,3,2,1,0.712282
bartsch,dual,4,1,1,0.585509
bartsch,dual,1,4,1,2.162642
bartsch,dual,4,1,1,0.584778
bartsch,dual,1,4,0,1.275182
bartsch,dual,1,4,1,0.696297
bartsch,dual,1,4,1,2.993237
bartsch,dual,3,2,1,0.73688
bartsch,dual,3,4,1,2.188542
bartsch,dual,4,3,1,0.869552
bartsch,dual,2,1,1,1.95872
bartsch,dual,1,2,1,0.866152
bartsch,dual,3,4,0,1.565247
bartsch,dual,4,3,1,0.835372
bartsch,dual,4,3,1,0.982353
bartsch,dual,3,4,1,0.6173
bartsch,dual,1,2,1,0.630713
bartsch,dual,4,3,1,0.486261
bartsch,dual,3,4,0,0.783187
bartsch,dual,4,3,0,0.813419
bartsch,dual,3,4,1,1.94351
bartsch,dual,2,1,1,1.237072
bartsch,dual,1,2,1,0.719122
bartsch,dual,1,2,1,0.642892
bartsch,dual,1,2,1,0.633582
bartsch,dual,3,4,1,1.514716
bartsch,dual,3,4,1,0.634578
bartsch,dual,1,2,0,1.210658
bartsch,dual,2,1,0,2.096527
bartsch,dual,4,3,0,1.032329
bartsch,dual,3,4,1,0.871544
bartsch,dual,3,4,1,0.980546
bartsch,dual,4,3,1,1.103237
bartsch,dual,3,4,1,3.225242
bartsch,dual,1,2,1,1.330053
bartsch,dual,3,4,0,1.927592
bartsch,dual,1,2,1,1.580388
bartsch,dual,4,3,1,0.528188
bartsch,dual,2,1,1,0.662833
bartsch,dual,4,3,1,0.771032
bartsch,dual,3,4,0,2.117113
bartsch,dual,3,4,1,0.90103
bartsch,dual,4,3,0,2.22344
bartsch,dual,2,1,1,1.96429
bartsch,dual,2,1,1,1.182075
bartsch,dual,4,3,1,0.940421
bartsch,dual,1,2,1,1.325895
bartsch,dual,4,3,1,0.628301
bartsch,dual,1,2,1,0.86444
bartsch,dual,2,1,1,0.626918
bartsch,dual,4,3,0,0.691659
bartsch,dual,1,2,1,0.558356
bartsch,dual,3,4,1,1.472816
bartsch,dual,1,2,1,1.335894
bartsch,dual,4,3,1,0.672463
bartsch,dual,3,4,1,0.636883
bartsch,dual,4,3,0,1.551899
bartsch,dual,2,1,1,1.970178
bartsch,dual,3,4,1,0.649616
bartsch,dual,1,2,0,1.154313
bartsch,dual,3,4,1,0.977213
bartsch,dual,2,1,1,2.421794
bartsch,dual,1,2,1,0.547677
bartsch,dual,3,4,0,1.403575
bartsch,dual,1,2,0,1.80634
bartsch,dual,4,3,1,0.580442
bartsch,dual,1,2,1,2.539661
bartsch,dual,2,1,1,2.623422
bartsch,dual,1,2,1,0.648824
bartsch,dual,3,4,1,1.141593
bartsch,dual,3,4,1,0.522635
bartsch,dual,3,4,1,0.808682
bartsch,dual,1,2,1,0.565696
bartsch,dual,2,1,1,2.006342
bartsch,dual,3,4,1,2.994738
bartsch,dual,4,3,1,1.089784
bartsch,dual,1,2,1,0.574853
bartsch,dual,1,2,1,0.895979
bartsch,dual,3,4,1,2.140768
bartsch,dual,1,2,0,0.869021
bartsch,dual,4,3,1,0.659234
bartsch,dual,1,2,1,0.574949
bartsch,dual,4,3,0,1.218097
bartsch,dual,1,2,1,0.563704
bartsch,dual,2,1,1,1.744212
bartsch,dual,3,4,1,0.609329
bartsch,dual,1,2,1,0.982219
bartsch,dual,4,3,1,0.658817
bartsch,dual,1,2,1,0.69419
bartsch,dual,1,2,1,0.850903
bartsch,dual,1,2,1,0.682852
bartsch,dual,1,2,1,1.211336
bartsch,dual,2,1,0,1.506346
bartsch,dual,4,3,1,0.628804
bartsch,dual,2,1,1,0.93284
bartsch,dual,2,1,1,0.818146
bartsch,dual,1,2,1,0.87228000000000006
bartsch,dual,2,1,1,0.665783
bartsch,dual,4,3,0,0.562335
bartsch,dual,1,2,0,2.533934
bartsch,dual,2,1,0,2.203943
bartsch,dual,3,4,1,0.738432
bartsch,dual,4,3,1,2.431812
bartsch,dual,3,4,1,0.720317
bartsch,dual,2,1,1,1.342831
bartsch,dual,4,3,1,0.531074
bartsch,dual,3,4,1,0.806333
bartsch,dual,2,1,1,0.883309
bartsch,dual,2,1,1,2.243672
bartsch,dual,1,2,0,0.846614
bartsch,dual,2,1,1,1.053612
bartsch,dual,2,1,1,2.20988
bartsch,dual,2,1,1,1.33415
bartsch,dual,1,2,1,0.5602
bartsch,dual,3,4,0,2.346483
bartsch,dual,2,1,1,1.588406
bartsch,dual,3,4,0,0.793779
bartsch,dual,4,3,1,1.217546
bartsch,dual,3,4,1,1.273514
bartsch,dual,1,2,1,1.418131
bartsch,dual,2,1,1,1.272028
bartsch,dual,4,3,1,0.687829
bartsch,dual,2,1,1,1.797251
bartsch,dual,1,2,1,0.732865
bartsch,dual,1,2,1,0.698785
bartsch,dual,3,4,1,1.299541
bartsch,dual,2,1,1,1.04253
bartsch,dual,3,4,1,2.149057
bartsch,dual,4,1,1,0.553332
bartsch,dual,3,2,1,0.508788
bartsch,dual,1,4,0,1.048243
bartsch,dual,3,2,1,0.734096
bartsch,dual,4,1,0,0.509163
bartsch,dual,4,1,1,0.537321
bartsch,dual,1,4,1,1.392423
bartsch,dual,3,2,1,0.773651
bartsch,dual,4,1,1,0.732567
bartsch,dual,3,2,1,1.025133
bartsch,dual,2,3,1,1.791114
bartsch,dual,4,1,1,0.533504
bartsch,dual,1,4,1,0.599994
bartsch,dual,1,4,0,0.640467
bartsch,dual,4,1,1,0.417003
bartsch,dual,4,1,1,0.513418
bartsch,dual,4,1,0,1.25253
bartsch,dual,3,2,1,1.929172
bartsch,dual,2,3,1,1.057498
bartsch,dual,1,4,1,0.680471
bartsch,dual,2,3,1,1.403873
bartsch,dual,3,2,0,5.062441
bartsch,dual,1,4,1,0.947562
bartsch,dual,4,1,1,0.942399
bartsch,dual,4,1,1,0.446648
bartsch,dual,3,2,1,0.879319
bartsch,dual,4,1,1,0.577056
bartsch,dual,4,1,1,0.885556
bartsch,dual,3,2,1,2.096805
bartsch,dual,3,2,1,0.654154
bartsch,dual,4,1,1,0.778872
bartsch,dual,3,2,1,5.039384
bartsch,dual,4,1,1,0.590931
bartsch,dual,3,2,1,0.660491
bartsch,dual,4,1,1,0.691489
bartsch,dual,2,3,0,0.580713
bartsch,dual,3,2,0,0.549206
bartsch,dual,2,3,1,0.865437
bartsch,dual,4,1,1,1.896678
bartsch,dual,2,3,0,1.200342
bartsch,dual,4,1,1,0.793032
bartsch,dual,3,2,1,0.610334
bartsch,dual,3,2,1,0.553202
bartsch,dual,2,3,0,0.979897
bartsch,dual,3,2,1,0.992598
bartsch,dual,1,4,1,1.785313
bartsch,dual,4,1,1,1.036474
bartsch,dual,1,4,1,2.674372
bartsch,dual,2,3,0,0.83528
bartsch,dual,2,3,0,1.431852
bartsch,dual,1,4,1,1.404837
bartsch,dual,3,2,1,0.512777
bartsch,dual,4,1,1,1.253835
bartsch,dual,4,1,1,2.035663
bartsch,dual,4,1,1,0.703702
bartsch,dual,3,2,1,0.724024
bartsch,dual,1,4,0,1.26018
bartsch,dual,3,2,1,0.621209
bartsch,dual,3,2,0,0.856252
bartsch,dual,2,3,1,1.219859
bartsch,dual,4,1,1,0.956005
bartsch,dual,1,4,1,0.530991
bartsch,dual,3,2,1,0.80552
bartsch,dual,2,3,1,0.55621
bartsch,dual,1,4,1,1.52481
bartsch,dual,4,1,1,0.916668
bartsch,dual,4,1,0,0.537014
bartsch,dual,3,2,1,0.427664
bartsch,dual,1,4,1,0.857993
bartsch,dual,1,4,1,0.679685
bartsch,dual,4,1,1,0.52315
bartsch,dual,4,1,1,1.705423
bartsch,dual,3,2,1,0.601616
bartsch,dual,2,3,0,1.492053
bartsch,dual,4,1,1,0.54373
bartsch,dual,2,3,0,1.448539
bartsch,dual,3,2,1,1.028422
bartsch,dual,4,1,1,0.714174
bartsch,dual,3,2,1,0.622088
bartsch,dual,2,3,0,0.854761
bartsch,dual,1,4,1,1.531049
bartsch,dual,2,3,1,1.971799
bartsch,dual,1,4,1,1.708062
bartsch,dual,4,1,1,0.581471
bartsch,dual,2,3,0,1.925922
bartsch,dual,4,1,1,0.742173
bartsch,dual,2,3,1,2.15359
bartsch,dual,2,3,0,2.201952
bartsch,dual,1,4,1,0.793804
bartsch,dual,4,1,1,0.636109
bartsch,dual,1,4,0,1.117893
bartsch,dual,1,4,1,0.512932
bartsch,dual,2,3,1,1.40214
bartsch,dual,4,1,1,0.663666
bartsch,dual,3,2,1,1.703438
bartsch,dual,1,4,0,2.016587
bartsch,dual,3,2,0,0.851803
bartsch,dual,1,4,1,0.891471
bartsch,dual,4,1,1,0.629499
bartsch,dual,1,4,1,1.200458
bartsch,dual,1,4,0,2.579064
bartsch,dual,4,1,1,0.952148
bartsch,dual,1,4,1,1.634378
bartsch,dual,3,2,1,0.858515
bartsch,dual,4,1,1,0.724534
bartsch,dual,2,3,1,1.27987
bartsch,dual,1,4,1,0.744045
bartsch,dual,3,2,1,0.886039
bartsch,dual,4,1,1,0.635409
bartsch,dual,3,2,1,0.789965
bartsch,dual,1,4,1,3.463597
bartsch,dual,1,4,0,1.372336
bartsch,dual,2,3,1,0.843883
bartsch,dual,2,3,0,0.59365
bartsch,dual,4,1,1,0.63701700000000006
bartsch,dual,2,3,1,0.599496
bartsch,dual,2,3,0,1.275842
bartsch,dual,2,3,0,1.633653
bartsch,dual,3,2,0,0.744507
bartsch,dual,3,2,1,0.561824
bartsch,dual,3,4,1,0.685556
bartsch,dual,2,1,1,0.686974
bartsch,dual,4,3,1,2.01493
bartsch,dual,1,2,1,0.660958
bartsch,dual,2,1,0,1.465674
bartsch,dual,4,3,0,0.626419
bartsch,dual,1,2,1,0.521285
bartsch,dual,4,3,1,0.68497
bartsch,dual,3,4,1,2.13926
bartsch,dual,4,3,1,0.995941
bartsch,dual,3,4,1,0.661407
bartsch,dual,4,3,1,1.837232
bartsch,dual,4,3,1,0.787866
bartsch,dual,1,2,1,0.645209
bartsch,dual,1,2,1,0.581752
bartsch,dual,2,1,1,0.941717
bartsch,dual,1,2,1,0.750467
bartsch,dual,3,4,1,1.895346
bartsch,dual,2,1,1,0.689947
bartsch,dual,2,1,1,0.754055
bartsch,dual,3,4,1,0.813975
bartsch,dual,2,1,1,0.575132
bartsch,dual,3,4,1,0.791959
bartsch,dual,1,2,1,1.207133
bartsch,dual,1,2,1,0.561509
bartsch,dual,1,2,1,0.487185
bartsch,dual,1,2,1,0.60799
bartsch,dual,1,2,1,0.395107
bartsch,dual,1,2,0,0.599851
bartsch,dual,4,3,1,0.555716
bartsch,dual,4,3,1,0.531247
bartsch,dual,3,4,1,0.899917
bartsch,dual,3,4,1,1.106898
bartsch,dual,2,1,1,0.985154
bartsch,dual,4,3,0,0.670526
bartsch,dual,2,1,1,1.222577
bartsch,dual,1,2,1,1.649538
bartsch,dual,3,4,1,1.382346
bartsch,dual,4,3,0,0.921835
bartsch,dual,2,1,0,0.935575
bartsch,dual,4,3,0,0.76222
bartsch,dual,2,1,0,0.862501
bartsch,dual,3,4,0,0.846208
bartsch,dual,1,2,0,0.56203
bartsch,dual,4,3,0,2.33772
bartsch,dual,2,1,0,2.106245
bartsch,dual,1,2,1,0.807049
bartsch,dual,1,2,1,2.357257
bartsch,dual,3,4,0,2.562191
bartsch,dual,4,3,1,1.328535
bartsch,dual,4,3,1,1.164721
bartsch,dual,1,2,1,0.659396
bartsch,dual,4,3,1,0.846994
bartsch,dual,2,1,1,2.699231
bartsch,dual,4,3,1,0.780869
bartsch,dual,2,1,1,0.982554
bartsch,dual,4,3,1,0.688352
bartsch,dual,1,2,1,1.336271
bartsch,dual,1,2,1,0.53607
bartsch,dual,1,2,0,0.590678
bartsch,dual,2,1,1,0.625122
bartsch,dual,4,3,1,0.640712
bartsch,dual,3,4,1,0.470984
bartsch,dual,3,4,1,0.484338
bartsch,dual,2,1,1,0.940678
bartsch,dual,1,2,1,0.633144
bartsch,dual,3,4,0,1.759047
bartsch,dual,3,4,1,0.599312
bartsch,dual,4,3,0,2.064569
bartsch,dual,3,4,1,1.129078
bartsch,dual,3,4,1,0.801772
bartsch,dual,3,4,1,1.489142
bartsch,dual,2,1,1,1.310293
bartsch,dual,1,2,1,0.712546
bartsch,dual,1,2,1,0.59572
bartsch,dual,4,3,1,0.694859
bartsch,dual,2,1,1,0.962766
bartsch,dual,2,1,1,0.61716
bartsch,dual,4,3,1,1.137753
bartsch,dual,4,3,1,0.682208
bartsch,dual,1,2,1,0.673083
bartsch,dual,3,4,1,1.463939
bartsch,dual,4,3,0,0.583303
bartsch,dual,4,3,1,0.520555
bartsch,dual,2,1,0,1.141233
bartsch,dual,1,2,0,2.5686
bartsch,dual,3,4,1,1.134906
bartsch,dual,2,1,1,0.727227
bartsch,dual,1,2,1,0.523409
bartsch,dual,3,4,1,0.60032
bartsch,dual,3,4,1,0.958396
bartsch,dual,1,2,1,0.629973
bartsch,dual,4,3,1,1.023711
bartsch,dual,4,3,1,0.572689
bartsch,dual,1,2,1,2.039359
bartsch,dual,4,3,1,0.674063
bartsch,dual,2,1,0,1.789105
bartsch,dual,1,2,1,1.584233
bartsch,dual,3,4,1,0.556315
bartsch,dual,2,1,0,1.519725
bartsch,dual,2,1,1,0.996532
bartsch,dual,1,2,1,1.582451
bartsch,dual,2,1,0,1.010984
bartsch,dual,2,1,1,0.698244
bartsch,dual,1,2,1,1.097422
bartsch,dual,2,1,1,0.845477
bartsch,dual,4,3,1,0.534047
bartsch,dual,1,2,0,0.475931
bartsch,dual,2,1,1,1.761228
bartsch,dual,2,1,0,0.808689
bartsch,dual,3,4,1,1.249589
bartsch,dual,2,1,1,0.942012
bartsch,dual,3,4,1,0.680838
bartsch,dual,2,1,1,1.206209
bartsch,dual,4,3,1,0.867543
bartsch,dual,4,3,0,0.586782
bartsch,dual,3,4,0,0.956972
bartsch,dual,4,3,1,0.894471
bartsch,dual,2,1,0,1.107718
bartsch,dual,1,2,1,1.348411
bartsch,dual,4,1,1,2.607069
bartsch,dual,1,4,1,0.618436
bartsch,dual,1,4,1,0.640323
bartsch,dual,4,1,0,0.63386
bartsch,dual,4,1,1,0.508028
bartsch,dual,1,4,1,0.604253
bartsch,dual,4,1,1,1.237718
bartsch,dual,1,4,0,1.442329
bartsch,dual,4,1,1,1.829328
bartsch,dual,4,1,1,0.489422
bartsch,dual,3,2,1,0.612815
bartsch,dual,3,2,1,0.42332
bartsch,dual,4,1,1,0.504898
bartsch,dual,1,4,1,0.843089
bartsch,dual,4,1,1,0.603458
bartsch,dual,4,1,1,0.421191
bartsch,dual,3,2,1,1.48529
bartsch,dual,2,3,0,2.68035
bartsch,dual,2,3,0,0.69405
bartsch,dual,4,1,1,0.904033
bartsch,dual,1,4,1,2.384229
bartsch,dual,4,1,1,1.07363
bartsch,dual,4,1,1,0.73963
bartsch,dual,1,4,1,1.35601
bartsch,dual,1,4,0,1.314276
bartsch,dual,3,2,0,0.636779
bartsch,dual,2,3,1,1.411625
bartsch,dual,1,4,0,1.865968
bartsch,dual,1,4,1,0.602248
bartsch,dual,1,4,1,0.861496
bartsch,dual,3,2,1,0.644535
bartsch,dual,1,4,1,1.017742
bartsch,dual,1,4,1,0.806774
bartsch,dual,4,1,1,0.664815
bartsch,dual,3,2,1,0.565226
bartsch,dual,3,2,0,0.936781
bartsch,dual,4,1,1,0.74698
bartsch,dual,1,4,1,0.95213
bartsch,dual,3,2,0,0.742274
bartsch,dual,4,1,1,0.663748
bartsch,dual,2,3,1,1.445043
bartsch,dual,2,3,1,1.207217
bartsch,dual,3,2,0,0.918365
bartsch,dual,1,4,1,1.283573
bartsch,dual,4,1,1,0.577403
bartsch,dual,4,1,1,1.694064
bartsch,dual,3,2,1,0.555086
bartsch,dual,1,4,1,1.005378
bartsch,dual,1,4,0,1.649568
bartsch,dual,4,1,0,1.795678
bartsch,dual,2,3,1,0.926783
bartsch,dual,1,4,0,2.033518
bartsch,dual,1,4,1,0.992695
bartsch,dual,3,2,1,0.51625
bartsch,dual,3,2,1,0.405611
bartsch,dual,3,2,1,0.567741
bartsch,dual,4,1,1,0.672073
bartsch,dual,3,2,1,0.715951
bartsch,dual,3,2,1,1.451085
bartsch,dual,1,4,1,0.719603
bartsch,dual,3,4,1,2.109322
bartsch,dual,3,4,1,0.902208
bartsch,dual,3,4,1,0.706876
bartsch,dual,3,4,1,0.820819
bartsch,dual,2,1,1,0.828588
bartsch,dual,1,2,1,0.549939
bartsch,dual,2,1,1,0.60047
bartsch,dual,1,2,1,1.089976
bartsch,dual,2,1,1,0.847889
bartsch,dual,1,2,1,0.508258
bartsch,dual,4,3,1,0.471685
bartsch,dual,1,2,1,0.611397
bartsch,dual,3,4,0,0.812276
bartsch,dual,2,1,1,0.67114
bartsch,dual,4,3,0,2.351419
bartsch,dual,4,3,1,0.614165
bartsch,dual,4,3,1,0.664766
bartsch,dual,2,1,1,1.3164
bartsch,dual,4,3,0,3.005164
bartsch,dual,1,2,1,0.970805
bartsch,dual,2,1,1,1.429269
bartsch,dual,2,1,1,0.669835
bartsch,dual,2,1,1,1.325452
bartsch,dual,4,3,1,0.690764
bartsch,dual,4,3,1,0.477399
bartsch,dual,4,3,1,0.478568
bartsch,dual,4,3,1,0.625809
bartsch,dual,3,4,1,0.886117
bartsch,dual,2,1,1,1.316253
bartsch,dual,4,3,1,1.948831
bartsch,dual,1,2,1,0.556653
bartsch,dual,3,4,1,0.674566
bartsch,dual,2,1,1,0.834381
bartsch,dual,2,1,1,0.466128
bartsch,dual,4,3,1,1.35245
bartsch,dual,2,1,1,1.572475
bartsch,dual,2,1,1,1.714596
bartsch,dual,2,1,1,0.566223
bartsch,dual,2,1,0,0.989624
bartsch,dual,4,3,1,1.101078
bartsch,dual,1,2,1,1.576583
bartsch,dual,1,2,0,0.594843
bartsch,dual,4,3,1,0.586006
bartsch,dual,3,4,0,1.678209
bartsch,dual,4,3,0,0.621184
bartsch,dual,1,2,1,0.78573
bartsch,dual,4,3,1,0.828466
bartsch,dual,1,2,0,0.953003
bartsch,dual,4,3,1,1.902026
bartsch,dual,1,2,1,0.530799
bartsch,dual,4,3,0,0.556863
bartsch,dual,3,4,0,0.760326
bartsch,dual,3,4,1,0.710486
bartsch,dual,1,2,1,0.719238
bartsch,dual,2,1,1,1.758613
bartsch,dual,1,2,1,0.652728
bartsch,dual,4,3,0,1.710308
bartsch,dual,4,3,1,0.775201
bartsch,dual,2,1,0,2.105401
bartsch,dual,1,2,1,0.607624
bartsch,dual,1,4,1,1.873988
bartsch,dual,3,2,0,2.245286
bartsch,dual,3,2,0,0.732356
bartsch,dual,2,3,0,1.984938
bartsch,dual,2,3,0,5.212745
bartsch,dual,2,3,1,0.622176
bartsch,dual,3,2,1,0.76011
bartsch,dual,1,4,1,4.425175
bartsch,dual,2,3,1,1.204573
bartsch,dual,3,2,1,0.570926
bartsch,dual,1,4,1,2.734023
bartsch,dual,3,2,1,0.575847
bartsch,dual,4,1,1,0.4889
bartsch,dual,3,2,1,0.547368
bartsch,dual,2,3,1,0.958716
bartsch,dual,4,1,1,0.458766
bartsch,dual,3,2,0,0.550008
bartsch,dual,2,3,1,1.567117
bartsch,dual,4,1,1,0.654573
bartsch,dual,4,1,1,0.551631
bartsch,dual,4,1,1,1.05096
bartsch,dual,3,2,1,0.663634
bartsch,dual,1,4,1,0.888084
bartsch,dual,4,1,1,0.510881
bartsch,dual,2,3,0,1.107643
bartsch,dual,1,4,1,1.099018
bartsch,dual,2,3,0,1.140852
bartsch,dual,2,3,1,1.391315
bartsch,dual,2,3,0,1.448932
bartsch,dual,4,1,1,2.685469
bartsch,dual,3,2,1,0.841893
bartsch,dual,1,4,1,1.6204480000000001
bartsch,dual,3,2,1,0.597088
bartsch,dual,2,3,1,1.04828
bartsch,dual,4,1,1,0.909284
bartsch,dual,2,3,0,0.983477
bartsch,dual,2,3,1,0.49002
bartsch,dual,4,1,1,0.468879
bartsch,dual,3,2,1,1.310453
bartsch,dual,3,2,0,1.831992
bartsch,dual,4,1,1,0.563853
bartsch,dual,3,2,1,0.633345
bartsch,dual,3,2,0,1.011062
bartsch,dual,4,1,1,0.555732
bartsch,dual,4,1,1,0.672784
bartsch,dual,2,3,1,2.032541
bartsch,dual,4,1,0,0.717878
bartsch,dual,3,2,1,0.585091
bartsch,dual,2,3,0,1.275933
bartsch,dual,1,4,1,0.565707
bartsch,dual,2,3,1,0.866887
bartsch,dual,3,2,1,0.890448
bartsch,dual,1,4,0,1.925864
bartsch,dual,3,2,0,2.366135
bartsch,dual,2,3,1,3.413348
bartsch,dual,3,2,1,0.596378
bartsch,dual,4,1,1,0.599823
bartsch,dual,1,4,0,1.084194
bartsch,dual,2,3,1,1.120846
bartsch,dual,1,4,0,1.517474
bartsch,dual,2,3,1,2.287814
bartsch,dual,1,4,1,1.001422
bartsch,dual,3,2,0,0.521945
bartsch,dual,4,1,1,0.624284
bartsch,dual,2,3,1,0.856557
bartsch,dual,2,3,1,0.725258
bartsch,dual,1,4,1,0.768872
bartsch,dual,4,1,1,0.632799
bartsch,dual,3,2,1,0.644566
bartsch,dual,1,4,0,0.823044
bartsch,dual,2,3,1,2.046299
bartsch,dual,2,3,0,1.350178
bartsch,dual,2,3,1,0.678199
bartsch,dual,2,3,1,0.670837
bartsch,dual,1,4,0,0.748485
bartsch,dual,3,2,1,0.980079
bartsch,dual,3,2,1,0.519925
bartsch,dual,3,2,1,0.481999
bartsch,dual,3,2,1,1.100798
bartsch,dual,4,1,1,0.586672
bartsch,dual,2,3,0,1.742496
bartsch,dual,1,4,1,0.68867
bartsch,dual,1,4,1,1.574869
bartsch,dual,1,4,0,1.01722
bartsch,dual,4,1,1,0.475123
bartsch,dual,4,1,0,0.490282
bartsch,dual,2,3,0,1.967712
bartsch,dual,4,1,1,0.467383
bartsch,dual,1,4,1,2.401206
bartsch,dual,2,3,1,1.235403
bartsch,dual,4,1,1,0.784036
bartsch,dual,4,1,1,0.876483
bartsch,dual,4,1,1,0.675709
bartsch,dual,1,4,1,0.938659
bartsch,dual,4,1,1,0.542045
bartsch,dual,1,4,1,0.836193
bartsch,dual,1,4,0,0.776661
bartsch,dual,4,1,1,0.716608
bartsch,dual,4,1,1,1.028246
bartsch,dual,2,3,1,0.807484
bartsch,dual,1,4,1,0.966475
bartsch,dual,2,3,1,1.373917
bartsch,dual,4,1,1,0.609629
bartsch,dual,2,3,0,0.787771
bartsch,dual,3,2,1,0.77869
bartsch,dual,2,3,0,0.818146
bartsch,dual,3,2,1,0.658943
bartsch,dual,3,2,1,0.53102
bartsch,dual,1,4,1,1.980216
bartsch,dual,2,3,1,0.936681
bartsch,dual,2,3,0,0.645635
bartsch,dual,1,4,1,0.939047
bartsch,dual,2,3,0,1.997774
bartsch,dual,4,1,1,0.809687
bartsch,dual,4,1,1,0.531464
bartsch,dual,3,2,1,1.745467
bartsch,dual,4,1,1,0.621197
bartsch,dual,1,4,1,1.086953
bartsch,dual,2,3,1,1.478072
bartsch,dual,4,1,1,0.520937
bartsch,dual,4,3,1,0.641722
bartsch,dual,2,1,1,1.009219
bartsch,dual,4,3,1,1.230152
bartsch,dual,2,1,1,0.871017
bartsch,dual,2,1,1,1.089863
bartsch,dual,4,3,1,0.691721
bartsch,dual,1,2,1,0.355087
bartsch,dual,1,2,1,0.534328
bartsch,dual,3,4,1,1.21993
bartsch,dual,2,1,1,0.578075
bartsch,dual,4,3,0,0.850581
bartsch,dual,3,4,1,1.461217
bartsch,dual,4,3,0,1.925475
bartsch,dual,4,3,1,0.522344
bartsch,dual,3,4,1,1.593356
bartsch,dual,3,4,1,0.831087
bartsch,dual,3,4,1,0.680103
bartsch,dual,3,4,0,0.972963
bartsch,dual,2,1,1,0.593611
bartsch,dual,3,4,1,0.590729
bartsch,dual,4,3,1,0.596925
bartsch,dual,1,2,1,0.369592
bartsch,dual,4,3,0,0.726171
bartsch,dual,4,3,0,0.611157
bartsch,dual,2,1,1,1.153393
bartsch,dual,4,3,1,1.658948
bartsch,dual,4,3,1,0.527032
bartsch,dual,4,3,0,0.931839
bartsch,dual,4,3,1,0.548378
bartsch,dual,1,2,1,0.564417
bartsch,dual,2,1,0,1.592018
bartsch,dual,3,4,1,1.022869
bartsch,dual,4,3,1,0.783941
bartsch,dual,3,4,0,1.474529
bartsch,dual,1,2,1,0.522728
bartsch,dual,3,4,1,1.031112
bartsch,dual,1,2,1,1.540092
bartsch,dual,3,4,0,0.594035
bartsch,dual,2,1,1,0.734982
bartsch,dual,3,4,0,2.169883
bartsch,dual,4,3,1,2.826453
bartsch,dual,3,4,0,1.485518
bartsch,dual,1,2,1,1.087684
bartsch,dual,3,4,1,0.992596
bartsch,dual,1,2,1,0.545531
bartsch,dual,3,4,1,1.131567
bartsch,dual,1,2,1,0.522662
bartsch,dual,2,1,1,1.048668
bartsch,dual,1,2,1,0.740547
bartsch,dual,1,2,1,0.60189
bartsch,dual,4,3,1,0.543396
bartsch,dual,4,3,1,0.478158
bartsch,dual,3,4,1,0.634363
bartsch,dual,1,2,1,0.559801
bartsch,dual,3,4,0,1.287578
bartsch,dual,2,1,1,0.654359
bartsch,dual,4,3,1,0.488171
bartsch,dual,1,2,1,0.716753
bartsch,dual,3,4,0,0.698274
bartsch,dual,1,2,0,0.582353
bartsch,dual,2,1,1,0.937291
bartsch,dual,4,3,1,3.681754
bartsch,dual,4,3,1,0.755386
bartsch,dual,3,4,0,1.978792
bartsch,dual,3,4,1,0.576349
bartsch,dual,4,3,1,6.975639
bartsch,dual,2,1,1,1.730631
bartsch,dual,1,2,1,0.778443
bartsch,dual,4,3,1,0.556132
bartsch,dual,2,1,1,2.025395
bartsch,dual,4,3,1,2.560731
bartsch,dual,2,1,1,1.509304
bartsch,dual,4,3,0,0.507003
bartsch,dual,2,1,1,0.807426
bartsch,dual,3,4,1,0.927032
bartsch,dual,3,4,0,1.428145
bartsch,dual,4,3,1,0.778138
bartsch,dual,3,4,1,0.949089
bartsch,dual,3,4,1,1.028872
bartsch,dual,1,2,1,0.634476
bartsch,dual,4,3,1,0.593289
bartsch,dual,4,3,1,0.44139
bartsch,dual,3,4,1,0.767347
bartsch,dual,1,2,1,0.549379
bartsch,dual,4,3,1,0.513376
bartsch,dual,2,1,0,1.427315
bartsch,dual,2,1,0,1.333142
bartsch,dual,3,4,0,2.010171
bartsch,dual,2,1,1,1.935336
bartsch,dual,4,3,1,0.669275
bartsch,dual,2,1,1,1.504348
bartsch,dual,1,2,1,0.557671
bartsch,dual,3,4,0,1.562331
bartsch,dual,1,2,1,0.556948
bartsch,dual,4,3,1,0.878919
bartsch,dual,4,3,1,1.036837
bartsch,dual,4,3,1,0.877911
bartsch,dual,3,4,1,1.405981
bartsch,dual,3,4,1,0.675134
bartsch,dual,1,2,1,0.520531
bartsch,dual,3,4,1,0.765873
bartsch,dual,1,2,1,0.619574
bartsch,dual,1,2,1,0.790864
bartsch,dual,3,4,0,1.163168
bartsch,dual,4,3,1,1.922698
bartsch,dual,4,3,1,2.308962
bartsch,dual,4,3,1,0.700026
bartsch,dual,4,3,0,0.574189
bartsch,dual,2,1,0,1.590461
bartsch,dual,3,4,1,0.826468
bartsch,dual,1,2,1,0.59512
bartsch,dual,1,2,1,0.764776
bartsch,dual,3,4,0,0.672358
bartsch,dual,2,1,1,0.460093
bartsch,dual,4,3,1,0.782038
bartsch,dual,3,4,0,2.144317
bartsch,dual,2,1,1,2.276882
bartsch,dual,1,2,1,0.552396
bartsch,dual,1,2,1,0.60769
bartsch,dual,3,4,0,1.377241
bartsch,dual,3,2,1,1.251117
bartsch,dual,3,2,1,1.102825
bartsch,dual,3,2,1,2.618616
bartsch,dual,2,3,1,3.855174
bartsch,dual,2,3,0,1.090729
bartsch,dual,3,2,1,0.606585
bartsch,dual,4,1,1,0.782418
bartsch,dual,1,4,1,0.559132
bartsch,dual,3,2,1,0.647585
bartsch,dual,2,3,1,1.67695
bartsch,dual,1,4,0,0.582521
bartsch,dual,1,4,0,2.813602
bartsch,dual,3,2,1,0.589898
bartsch,dual,2,3,0,1.783235
bartsch,dual,1,4,1,0.724984
bartsch,dual,2,3,1,0.669418
bartsch,dual,3,2,1,0.555317
bartsch,dual,1,4,0,1.349033
bartsch,dual,1,4,1,1.293608
bartsch,dual,4,1,1,0.562836
bartsch,dual,3,2,1,0.791217
bartsch,dual,4,1,1,2.620474
bartsch,dual,3,2,1,0.545307
bartsch,dual,3,2,1,1.02301
bartsch,dual,4,1,1,0.548164
bartsch,dual,4,1,1,0.584721
bartsch,dual,2,3,1,0.987992
bartsch,dual,1,4,1,0.594444
bartsch,dual,3,2,1,2.72486
bartsch,dual,4,1,1,1.241487
bartsch,dual,4,1,1,0.785572
bartsch,dual,2,3,0,0.644888
bartsch,dual,3,2,1,0.65853
bartsch,dual,1,4,0,1.808024
bartsch,dual,1,4,1,0.604591
bartsch,dual,3,2,0,0.574889
bartsch,dual,3,2,1,0.532978
bartsch,dual,1,4,1,0.928663
bartsch,dual,1,4,1,0.753402
bartsch,dual,4,1,1,0.465284
bartsch,dual,3,2,1,0.512427
bartsch,dual,3,2,1,0.72885
bartsch,dual,4,1,1,0.499195
bartsch,dual,3,2,1,0.667093
bartsch,dual,1,4,0,1.544408
bartsch,dual,2,3,1,1.730425
bartsch,dual,4,1,0,0.527725
bartsch,dual,1,4,1,0.69498
bartsch,dual,4,1,1,0.572144
bartsch,dual,2,3,1,0.687893
bartsch,dual,3,2,1,0.621532
bartsch,dual,3,2,1,0.59704
bartsch,dual,4,1,1,0.649448
bartsch,dual,4,1,0,0.561108
bartsch,dual,2,3,1,1.457905
bartsch,dual,2,3,0,0.917509
bartsch,dual,2,3,1,0.546553
bartsch,dual,3,2,1,0.58123
bartsch,dual,1,4,1,0.855173
bartsch,dual,2,3,1,0.59682
