Observer,Condition,Location_1,Location_2,Correct,Response_Time
bjoern,single,1,,1,1.78299
bjoern,single,1,,1,2.222515
bjoern,single,1,,1,0.537662
bjoern,single,2,,1,0.439452
bjoern,single,3,,1,0.38783
bjoern,single,2,,1,0.478411
bjoern,single,4,,1,0.401731
bjoern,single,3,,1,0.432081
bjoern,single,2,,1,0.441273
bjoern,single,3,,1,0.467508
bjoern,single,1,,1,0.422397
bjoern,single,2,,1,0.394301
bjoern,single,4,,1,0.432488
bjoern,single,2,,1,0.475039
bjoern,single,2,,1,0.427299
bjoern,single,2,,1,0.404891
bjoern,single,2,,1,0.43781
bjoern,single,2,,1,0.522686
bjoern,single,1,,1,0.477888
bjoern,single,4,,1,0.710442
bjoern,single,2,,1,0.485618
bjoern,single,4,,1,0.534912
bjoern,single,4,,1,0.946387
bjoern,single,4,,0,0.339761
bjoern,single,4,,1,0.44114
bjoern,single,1,,1,0.463717
bjoern,single,2,,1,0.418038
bjoern,single,2,,1,0.487885
bjoern,single,4,,1,0.452096
bjoern,single,2,,1,0.531645
bjoern,single,3,,1,0.49797
bjoern,single,4,,1,0.629394
bjoern,single,4,,1,0.47604
bjoern,single,2,,1,0.672347
bjoern,single,3,,1,0.524358
bjoern,single,1,,0,0.549256
bjoern,single,3,,1,0.347046
bjoern,single,2,,1,0.46818
bjoern,single,1,,1,0.362255
bjoern,single,2,,1,0.495446
bjoern,single,3,,1,0.468913
bjoern,single,2,,1,0.437709
bjoern,single,2,,1,0.33637
bjoern,single,3,,1,0.462392
bjoern,single,3,,1,0.393325
bjoern,single,2,,1,0.358721
bjoern,single,4,,1,0.487916
bjoern,single,1,,1,0.382784
bjoern,single,1,,1,0.44551
bjoern,single,2,,1,0.438012
bjoern,single,1,,1,0.37387
bjoern,single,4,,1,0.462916
bjoern,single,3,,1,0.427836
bjoern,single,4,,1,0.457463
bjoern,single,2,,0,0.493602
bjoern,single,3,,1,0.425061
bjoern,single,2,,1,0.525229
bjoern,single,3,,1,0.538937
bjoern,single,2,,0,0.38618
bjoern,single,4,,1,0.347185
bjoern,single,4,,1,0.385502
bjoern,single,1,,1,0.46930500000000003
bjoern,single,4,,1,0.50561
bjoern,single,4,,1,0.528361
bjoern,single,4,,1,0.458892
bjoern,single,2,,1,0.422843
bjoern,single,1,,1,0.596306
bjoern,single,3,,1,0.626083
bjoern,single,3,,0,0.47107
bjoern,single,3,,1,0.45301400000000003
bjoern,single,3,,1,0.382656
bjoern,single,3,,1,0.392767
bjoern,single,4,,0,0.354441
bjoern,single,4,,1,0.561719
bjoern,single,3,,1,0.473819
bjoern,single,1,,1,0.542637
bjoern,single,2,,1,0.398404
bjoern,single,4,,1,0.463489
bjoern,single,3,,1,0.408944
bjoern,single,2,,1,0.349808
bjoern,single,1,,1,0.468935
bjoern,single,1,,1,0.379591
bjoern,single,2,,1,0.415037
bjoern,single,4,,1,0.351156
bjoern,single,3,,1,0.45335
bjoern,single,2,,1,0.398938
bjoern,single,1,,1,0.457519
bjoern,single,1,,1,0.425714
bjoern,single,2,,1,0.575868
bjoern,single,3,,1,0.715611
bjoern,single,2,,1,0.393667
bjoern,single,3,,1,0.424523
bjoern,single,3,,1,0.45133
bjoern,single,3,,1,0.561187
bjoern,single,4,,1,0.585736
bjoern,single,3,,1,0.46795
bjoern,single,2,,1,0.422878
bjoern,single,1,,1,0.707873
bjoern,single,2,,0,0.145329
bjoern,single,1,,1,0.580229
bjoern,single,4,,1,0.407928
bjoern,single,3,,1,0.56502
bjoern,single,1,,1,0.380364
bjoern,single,1,,1,0.451879
bjoern,single,1,,1,0.37654
bjoern,single,2,,1,0.335272
bjoern,single,2,,1,0.439278
bjoern,single,3,,1,0.446029
bjoern,single,4,,1,0.396568
bjoern,single,1,,1,0.369811
bjoern,single,1,,1,0.527188
bjoern,single,1,,1,0.375287
bjoern,single,2,,0,0.573178
bjoern,single,2,,1,0.595077
bjoern,single,3,,1,0.300259
bjoern,single,1,,1,0.374191
bjoern,single,4,,1,1.881698
bjoern,single,3,,1,0.363164
bjoern,single,3,,1,0.297242
bjoern,single,1,,1,0.376049
bjoern,single,2,,1,0.348407
bjoern,single,2,,1,0.348552
bjoern,single,2,,0,0.331612
bjoern,single,4,,1,0.420249
bjoern,single,3,,1,0.353921
bjoern,single,4,,1,0.416381
bjoern,single,4,,1,0.434139
bjoern,single,3,,1,0.419939
bjoern,single,1,,1,0.359766
bjoern,single,2,,1,0.390498
bjoern,single,3,,0,0.33774
bjoern,single,1,,1,0.499475
bjoern,single,3,,1,0.442825
bjoern,single,1,,1,0.484068
bjoern,single,3,,1,0.475798
bjoern,single,3,,1,0.365245
bjoern,single,1,,1,0.464771
bjoern,single,4,,1,0.517287
bjoern,single,4,,1,0.474601
bjoern,single,4,,1,0.439038
bjoern,single,3,,1,0.617537
bjoern,single,1,,1,0.40523
bjoern,single,3,,1,0.547087
bjoern,single,4,,1,0.292
bjoern,single,1,,1,0.419806
bjoern,single,3,,1,0.391615
bjoern,single,4,,1,0.510583
bjoern,single,4,,1,0.383845
bjoern,single,2,,1,0.47657
bjoern,single,3,,1,0.544955
bjoern,single,1,,1,0.32359
bjoern,single,1,,1,0.572686
bjoern,single,1,,0,0.664383
bjoern,single,4,,1,0.581188
bjoern,single,3,,1,0.378933
bjoern,single,1,,1,0.55242
bjoern,single,4,,1,0.409315
bjoern,single,2,,1,0.343358
bjoern,single,1,,1,0.441269
bjoern,single,3,,1,2.082059
bjoern,single,2,,1,0.433439
bjoern,single,2,,1,0.418005
bjoern,single,2,,1,0.366933
bjoern,single,3,,1,0.431681
bjoern,single,2,,1,0.494395
bjoern,single,2,,1,0.576299
bjoern,single,4,,1,0.422428
bjoern,single,4,,1,0.41465
bjoern,single,4,,1,0.351893
bjoern,single,1,,1,0.367239
bjoern,single,1,,1,0.458158
bjoern,single,2,,1,0.403249
bjoern,single,4,,1,0.335083
bjoern,single,1,,1,0.514028
bjoern,single,3,,1,0.36495
bjoern,single,4,,1,0.594816
bjoern,single,4,,1,0.393201
bjoern,single,4,,1,0.388511
bjoern,single,2,,1,0.42071
bjoern,single,1,,0,0.453903
bjoern,single,1,,1,0.527091
bjoern,single,3,,1,0.543777
bjoern,single,4,,1,0.3631
bjoern,single,4,,1,0.475785
bjoern,single,4,,1,0.384092
bjoern,single,3,,1,0.320988
bjoern,single,2,,1,0.471932
bjoern,single,4,,0,0.301719
bjoern,single,2,,1,0.547659
bjoern,single,1,,1,0.379408
bjoern,single,1,,1,0.55608
bjoern,single,1,,1,0.622226
bjoern,single,3,,1,0.460593
bjoern,single,1,,1,0.608935
bjoern,single,3,,1,0.618376
bjoern,single,3,,1,0.415927
bjoern,single,3,,1,0.372782
bjoern,single,4,,0,0.337312
bjoern,single,4,,1,0.452722
bjoern,single,2,,1,0.469187
bjoern,single,3,,1,0.639906
bjoern,single,2,,1,0.610798
bjoern,single,2,,1,0.574889
bjoern,single,2,,1,0.596949
bjoern,single,4,,1,0.498293
bjoern,single,2,,1,0.449288
bjoern,single,4,,1,1.553607
bjoern,single,4,,1,0.682924
bjoern,single,2,,1,0.528856
bjoern,single,3,,1,0.585279
bjoern,single,3,,1,1.827787
bjoern,single,1,,1,0.576468
bjoern,single,1,,1,0.41134
bjoern,single,4,,1,0.607359
bjoern,single,1,,1,0.510529
bjoern,single,4,,1,0.437769
bjoern,single,3,,1,0.423284
bjoern,single,4,,1,0.404917
bjoern,single,1,,1,0.397334
bjoern,single,3,,1,0.409023
bjoern,single,2,,1,0.385849
bjoern,single,2,,1,0.401096
bjoern,single,2,,1,0.404017
bjoern,single,1,,1,0.523159
bjoern,single,3,,0,0.510994
bjoern,single,2,,1,0.481263
bjoern,single,4,,1,0.426852
bjoern,single,4,,1,0.395352
bjoern,single,2,,1,0.447363
bjoern,single,1,,1,0.373086
bjoern,single,2,,1,0.423535
bjoern,single,4,,1,0.560235
bjoern,single,2,,1,0.469901
bjoern,single,3,,1,0.432637
bjoern,single,4,,1,0.452647
bjoern,single,3,,1,0.386919
bjoern,single,2,,1,0.416446
bjoern,single,2,,0,0.454476
bjoern,single,1,,1,0.656582
bjoern,single,2,,1,0.312784
bjoern,single,1,,1,0.395229
bjoern,single,4,,1,0.434311
bjoern,single,4,,1,0.411565
bjoern,single,1,,1,0.37555500000000003
bjoern,single,2,,1,0.36402
bjoern,single,2,,1,0.486554
bjoern,single,2,,1,0.454973
bjoern,single,1,,1,0.360581
bjoern,single,1,,1,0.473264
bjoern,single,1,,1,0.572287
bjoern,single,4,,1,0.406712
bjoern,single,2,,1,0.464447
bjoern,single,2,,1,0.402981
bjoern,single,2,,0,0.497915
bjoern,single,3,,1,0.42427
bjoern,single,4,,1,0.44383
bjoern,single,2,,1,0.412865
bjoern,single,3,,1,0.329097
bjoern,single,1,,1,0.420186
bjoern,single,2,,1,0.538973
bjoern,single,2,,1,0.443455
bjoern,single,1,,0,0.576316
bjoern,single,3,,1,0.731625
bjoern,single,1,,0,0.456182
bjoern,single,1,,1,0.454253
bjoern,single,2,,1,0.586935
bjoern,single,3,,1,0.404031
bjoern,single,3,,1,0.378563
bjoern,single,3,,1,0.378344
bjoern,single,4,,1,0.403762
bjoern,single,3,,1,0.359406
bjoern,single,4,,1,0.514154
bjoern,single,3,,1,0.39711
bjoern,single,2,,1,0.415888
bjoern,single,3,,1,0.372695
bjoern,single,3,,1,0.437732
bjoern,single,3,,0,0.520574
bjoern,single,3,,1,0.458534
bjoern,single,3,,1,0.375136
bjoern,single,2,,1,0.351281
bjoern,single,2,,1,0.399616
bjoern,single,2,,0,0.43661
bjoern,single,1,,1,0.419855
bjoern,single,2,,1,0.321141
bjoern,single,3,,1,0.35399
bjoern,single,4,,0,0.298463
bjoern,single,2,,1,0.457569
bjoern,single,3,,1,0.350463
bjoern,single,4,,1,0.43874
bjoern,single,3,,1,0.333983
bjoern,single,4,,1,0.482232
bjoern,single,2,,1,0.439721
bjoern,single,3,,1,0.445471
bjoern,single,1,,1,0.531235
bjoern,single,1,,1,0.42806
bjoern,single,3,,1,0.487848
bjoern,single,2,,1,0.400604
bjoern,single,4,,1,0.492161
bjoern,single,3,,1,0.421575
bjoern,single,2,,1,0.463763
bjoern,single,2,,1,0.369633
bjoern,single,2,,1,0.423399
bjoern,single,4,,1,0.375331
bjoern,single,1,,1,0.382246
bjoern,single,4,,1,0.409766
bjoern,single,3,,1,0.515173
bjoern,single,4,,0,0.522628
bjoern,single,2,,1,0.41247
bjoern,single,4,,1,0.392915
bjoern,single,2,,1,0.449808
bjoern,single,1,,1,0.508654
bjoern,single,2,,0,0.50566
bjoern,single,2,,1,0.489879
bjoern,single,4,,1,0.464349
bjoern,single,1,,1,0.4086
bjoern,single,3,,1,0.377237
bjoern,single,1,,1,0.365448
bjoern,single,4,,1,0.414827
bjoern,single,1,,1,0.444978
bjoern,single,4,,1,0.370955
bjoern,dual,1,2,1,0.964961
bjoern,dual,4,3,1,0.784113
bjoern,dual,4,3,1,0.56913
bjoern,dual,4,3,0,0.745449
bjoern,dual,3,4,1,0.695169
bjoern,dual,1,2,0,1.013437
bjoern,dual,1,2,0,0.971648
bjoern,dual,3,4,0,0.79638
bjoern,dual,2,1,1,0.45835
bjoern,dual,3,4,1,0.614009
bjoern,dual,3,4,1,0.609824
bjoern,dual,3,4,1,0.572457
bjoern,dual,1,2,1,0.862362
bjoern,dual,3,4,1,0.611998
bjoern,dual,2,1,1,0.530282
bjoern,dual,3,4,1,0.549083
bjoern,dual,4,3,1,0.552031
bjoern,dual,2,1,1,0.626898
bjoern,dual,2,1,1,0.724061
bjoern,dual,3,4,1,0.46482
bjoern,dual,3,4,1,0.469922
bjoern,dual,3,4,1,0.405428
bjoern,dual,3,4,1,0.478412
bjoern,dual,3,4,1,0.516509
bjoern,dual,3,4,1,0.603827
bjoern,dual,2,1,1,0.438143
bjoern,dual,2,1,1,0.69245
bjoern,dual,4,3,0,0.646234
bjoern,dual,4,3,1,1.281467
bjoern,dual,2,1,1,0.649211
bjoern,dual,1,2,0,0.787188
bjoern,dual,3,4,1,0.64316
bjoern,dual,4,3,1,0.402013
bjoern,dual,3,4,1,0.554398
bjoern,dual,3,4,0,0.573643
bjoern,dual,3,4,1,0.605488
bjoern,dual,4,3,1,0.795701
bjoern,dual,3,4,1,0.52435
bjoern,dual,1,2,0,0.754447
bjoern,dual,2,1,1,0.63554600000000006
bjoern,dual,3,2,1,0.635764
bjoern,dual,3,2,1,0.530775
bjoern,dual,3,2,1,0.716639
bjoern,dual,4,1,1,0.417303
bjoern,dual,2,3,0,0.673254
bjoern,dual,2,3,1,0.950345
bjoern,dual,1,4,1,0.654558
bjoern,dual,3,2,1,0.603316
bjoern,dual,2,3,0,0.726873
bjoern,dual,1,4,1,0.501037
bjoern,dual,3,2,1,0.520865
bjoern,dual,2,3,1,0.806754
bjoern,dual,4,1,1,0.835614
bjoern,dual,3,2,1,0.656782
bjoern,dual,4,1,1,0.679972
bjoern,dual,3,2,1,0.383459
bjoern,dual,4,1,1,0.462169
bjoern,dual,2,3,0,0.668091
bjoern,dual,3,2,1,0.571101
bjoern,dual,3,2,1,0.435879
bjoern,dual,2,3,0,0.921161
bjoern,dual,3,2,1,0.361862
bjoern,dual,2,3,1,1.002726
bjoern,dual,2,3,1,0.679527
bjoern,dual,2,3,1,0.547477
bjoern,dual,3,2,1,1.329259
bjoern,dual,3,2,1,0.38014
bjoern,dual,4,1,1,0.52341
bjoern,dual,1,4,1,0.934712
bjoern,dual,1,4,1,1.040277
bjoern,dual,4,1,1,0.594545
bjoern,dual,1,4,1,0.683518
bjoern,dual,4,1,1,0.599641
bjoern,dual,4,1,1,0.827918
bjoern,dual,1,4,1,0.556867
bjoern,dual,3,2,1,0.323772
bjoern,dual,3,2,1,0.45299
bjoern,dual,1,4,1,1.06909
bjoern,dual,3,2,0,0.490314
bjoern,dual,4,1,1,1.181618
bjoern,dual,2,3,1,0.961457
bjoern,dual,2,3,1,1.013271
bjoern,dual,3,2,1,0.461018
bjoern,dual,4,1,1,0.402418
bjoern,dual,3,2,1,0.548878
bjoern,dual,2,3,1,1.497501
bjoern,dual,4,1,1,0.616038
bjoern,dual,1,4,1,0.597174
bjoern,dual,2,3,0,0.514541
bjoern,dual,4,1,1,0.706849
bjoern,dual,4,1,1,0.710835
bjoern,dual,3,2,1,0.658069
bjoern,dual,2,3,0,1.203267
bjoern,dual,2,3,0,0.757313
bjoern,dual,1,4,1,0.557443
bjoern,dual,2,3,1,0.457358
bjoern,dual,3,2,1,0.561573
bjoern,dual,3,2,1,0.552579
bjoern,dual,1,4,1,0.634959
bjoern,dual,4,1,1,0.88784
bjoern,dual,4,1,1,0.474562
bjoern,dual,3,2,1,0.493896
bjoern,dual,4,1,0,0.518733
bjoern,dual,2,3,1,0.84612
bjoern,dual,2,3,1,0.708381
bjoern,dual,4,1,1,0.649278
bjoern,dual,3,2,1,0.410182
bjoern,dual,2,3,1,0.755776
bjoern,dual,3,2,1,0.733749
bjoern,dual,4,1,1,0.543778
bjoern,dual,1,4,0,0.886359
bjoern,dual,3,2,1,0.838495
bjoern,dual,2,3,1,0.724911
bjoern,dual,1,4,0,1.038781
bjoern,dual,2,3,1,0.671339
bjoern,dual,4,1,1,0.600857
bjoern,dual,2,3,0,0.480095
bjoern,dual,2,3,0,1.176041
bjoern,dual,1,4,0,0.567092
bjoern,dual,1,4,1,1.175387
bjoern,dual,4,3,1,0.761834
bjoern,dual,2,1,1,0.603772
bjoern,dual,3,4,1,0.423028
bjoern,dual,3,4,1,0.57354
bjoern,dual,1,2,1,0.707571
bjoern,dual,2,1,1,0.62752
bjoern,dual,4,3,1,0.848389
bjoern,dual,1,2,1,0.660472
bjoern,dual,3,4,1,0.821498
bjoern,dual,4,3,1,0.397841
bjoern,dual,1,2,1,0.895558
bjoern,dual,4,3,1,0.583603
bjoern,dual,1,2,1,0.680448
bjoern,dual,2,1,1,0.605661
bjoern,dual,1,2,1,0.77635
bjoern,dual,2,1,1,0.586466
bjoern,dual,1,2,1,0.727022
bjoern,dual,4,3,0,0.670462
bjoern,dual,3,4,1,0.550104
bjoern,dual,4,3,1,0.752456
bjoern,dual,4,3,1,0.764977
bjoern,dual,4,3,0,0.714485
bjoern,dual,2,1,1,0.609208
bjoern,dual,1,2,1,1.422393
bjoern,dual,1,2,1,0.651519
bjoern,dual,4,3,1,0.466507
bjoern,dual,2,1,1,0.383349
bjoern,dual,2,1,1,0.595897
bjoern,dual,3,4,1,0.431674
bjoern,dual,2,1,1,0.60326
bjoern,dual,2,1,1,0.477934
bjoern,dual,1,2,1,0.717489
bjoern,dual,4,3,1,0.608427
bjoern,dual,1,2,1,0.830989
bjoern,dual,3,4,1,0.592434
bjoern,dual,2,1,0,0.383068
bjoern,dual,2,1,1,0.695403
bjoern,dual,1,2,1,1.004225
bjoern,dual,1,2,1,0.74367
bjoern,dual,4,3,0,0.718987
bjoern,dual,3,4,1,0.589105
bjoern,dual,3,4,1,1.021833
bjoern,dual,4,3,0,0.882908
bjoern,dual,4,3,1,0.754104
bjoern,dual,2,1,1,0.580882
bjoern,dual,1,2,1,0.640027
bjoern,dual,2,1,1,0.561802
bjoern,dual,4,3,1,0.557133
bjoern,dual,2,1,1,0.528546
bjoern,dual,4,3,1,0.676307
bjoern,dual,1,2,1,0.553453
bjoern,dual,4,3,0,0.678288
bjoern,dual,4,3,0,0.718217
bjoern,dual,1,2,1,0.674913
bjoern,dual,1,2,1,0.574624
bjoern,dual,4,3,1,0.561485
bjoern,dual,2,1,1,0.604603
bjoern,dual,4,3,1,0.599596
bjoern,dual,2,1,1,0.653829
bjoern,dual,3,4,1,0.599519
bjoern,dual,4,3,1,0.711455
bjoern,dual,3,4,1,0.456093
bjoern,dual,1,2,1,0.553296
bjoern,dual,4,3,1,1.011067
bjoern,dual,3,4,1,0.578728
bjoern,dual,1,2,1,0.622776
bjoern,dual,2,1,1,0.521481
bjoern,dual,1,2,0,0.946867
bjoern,dual,1,2,1,0.710864
bjoern,dual,3,4,1,0.723131
bjoern,dual,3,4,1,0.376819
bjoern,dual,4,3,0,0.319004
bjoern,dual,1,2,1,0.399075
bjoern,dual,2,1,1,0.345336
bjoern,dual,3,4,0,0.26984
bjoern,dual,2,1,0,0.459264
bjoern,dual,2,1,1,0.502523
bjoern,dual,1,2,1,0.828915
bjoern,dual,2,1,1,0.579518
bjoern,dual,3,4,1,0.443896
bjoern,dual,3,2,1,0.482044
bjoern,dual,3,2,1,0.567473
bjoern,dual,2,3,1,0.46652
bjoern,dual,4,1,1,0.458046
bjoern,dual,1,4,1,1.136735
bjoern,dual,4,1,1,0.424112
bjoern,dual,1,4,1,1.04958
bjoern,dual,4,1,1,0.417123
bjoern,dual,4,1,1,0.617219
bjoern,dual,2,3,1,0.739549
bjoern,dual,4,1,1,0.518397
bjoern,dual,1,4,1,0.690124
bjoern,dual,4,1,1,0.850005
bjoern,dual,2,3,0,0.745541
bjoern,dual,1,4,1,1.03773
bjoern,dual,3,2,1,0.628067
bjoern,dual,1,4,0,0.623172
bjoern,dual,3,2,1,0.792008
bjoern,dual,1,4,1,0.715898
bjoern,dual,4,1,1,0.658549
bjoern,dual,1,4,1,0.45981
bjoern,dual,4,1,1,0.586834
bjoern,dual,4,1,1,0.494105
bjoern,dual,3,2,0,0.43534
bjoern,dual,3,2,1,0.717729
bjoern,dual,2,3,1,0.719902
bjoern,dual,2,3,1,0.535352
bjoern,dual,3,2,1,0.650388
bjoern,dual,1,4,1,0.687207
bjoern,dual,2,3,0,0.831121
bjoern,dual,4,1,1,0.551023
bjoern,dual,3,2,1,0.539601
bjoern,dual,1,4,0,0.502563
bjoern,dual,2,3,0,0.519714
bjoern,dual,1,4,0,0.855936
bjoern,dual,4,1,1,0.532195
bjoern,dual,2,3,0,0.610543
bjoern,dual,1,4,1,0.959077
bjoern,dual,3,2,1,0.615722
bjoern,dual,1,4,1,0.706614
bjoern,dual,3,2,1,0.512563
bjoern,dual,4,1,1,0.575081
bjoern,dual,4,1,0,0.508067
bjoern,dual,1,4,1,0.516772
bjoern,dual,3,2,1,0.39869
bjoern,dual,4,1,1,0.465447
bjoern,dual,3,2,1,0.573731
bjoern,dual,4,1,1,0.5561
bjoern,dual,4,1,1,0.592977
bjoern,dual,4,1,1,0.996676
bjoern,dual,1,4,1,0.517851
bjoern,dual,1,4,1,0.586901
bjoern,dual,4,1,1,0.551762
bjoern,dual,2,3,0,0.740269
bjoern,dual,2,3,1,0.720385
bjoern,dual,1,4,1,0.807346
bjoern,dual,3,2,1,0.770203
bjoern,dual,1,4,1,0.740896
bjoern,dual,4,1,1,0.649183
bjoern,dual,1,4,1,0.594815
bjoern,dual,2,3,1,0.692822
bjoern,dual,2,3,1,0.579054
bjoern,dual,4,1,1,0.646888
bjoern,dual,4,1,1,0.526372
bjoern,dual,1,4,1,0.595254
bjoern,dual,2,3,0,0.669309
bjoern,dual,2,3,1,0.563097
bjoern,dual,2,3,0,0.66344
bjoern,dual,2,3,1,0.591331
bjoern,dual,1,4,0,0.929797
bjoern,dual,3,2,0,0.342644
bjoern,dual,3,2,0,0.327276
bjoern,dual,1,4,1,0.718151
bjoern,dual,4,1,1,0.371365
bjoern,dual,2,3,0,0.694543
bjoern,dual,3,2,1,0.613972
bjoern,dual,2,3,1,1.003519
bjoern,dual,2,3,0,0.8528
bjoern,dual,1,4,0,0.906923
bjoern,dual,3,2,1,0.748008
bjoern,dual,1,2,1,0.671672
bjoern,dual,3,4,1,0.615659
bjoern,dual,3,4,1,0.594761
bjoern,dual,3,4,1,0.6682
bjoern,dual,3,4,1,0.549383
bjoern,dual,4,3,1,0.582105
bjoern,dual,3,4,1,0.599977
bjoern,dual,2,1,1,0.777761
bjoern,dual,4,3,1,1.482948
bjoern,dual,4,3,0,0.786521
bjoern,dual,1,2,1,0.764639
bjoern,dual,3,4,1,0.509267
bjoern,dual,4,3,1,0.667684
bjoern,dual,4,3,0,0.695756
bjoern,dual,3,4,1,1.165231
bjoern,dual,2,1,1,0.390193
bjoern,dual,4,3,1,0.423049
bjoern,dual,3,4,1,0.572289
bjoern,dual,3,4,1,0.540692
bjoern,dual,1,2,1,0.863347
bjoern,dual,3,4,1,0.80674
bjoern,dual,3,4,1,0.445469
bjoern,dual,3,4,1,0.646126
bjoern,dual,1,2,1,0.664028
bjoern,dual,4,3,1,0.735825
bjoern,dual,3,4,1,0.721837
bjoern,dual,4,3,1,0.852904
bjoern,dual,2,1,1,0.642526
bjoern,dual,2,1,1,0.628991
bjoern,dual,4,3,1,0.63326
bjoern,dual,4,3,1,0.72307
bjoern,dual,3,4,1,0.688399
bjoern,dual,2,1,1,0.601028
bjoern,dual,1,2,1,0.641296
bjoern,dual,1,2,1,1.004148
bjoern,dual,2,1,1,0.668004
bjoern,dual,1,2,1,1.230467
bjoern,dual,2,1,1,0.632855
bjoern,dual,3,4,1,0.397064
bjoern,dual,3,4,1,0.533012
bjoern,dual,1,2,0,0.793822
bjoern,dual,2,1,1,0.660062
bjoern,dual,4,3,0,0.632521
bjoern,dual,3,4,1,0.441441
bjoern,dual,3,4,1,0.486318
bjoern,dual,4,3,0,0.871533
bjoern,dual,4,3,1,0.646944
bjoern,dual,3,4,1,0.588774
bjoern,dual,4,3,1,0.628069
bjoern,dual,3,4,1,0.860057
bjoern,dual,2,1,1,0.743971
bjoern,dual,3,4,1,0.483717
bjoern,dual,2,1,1,0.593145
bjoern,dual,1,2,0,0.622842
bjoern,dual,3,4,1,0.527178
bjoern,dual,3,4,1,0.687591
bjoern,dual,4,3,1,0.800615
bjoern,dual,2,1,1,0.71234
bjoern,dual,2,1,1,0.710341
bjoern,dual,4,3,1,0.752629
bjoern,dual,2,1,1,0.73751
bjoern,dual,2,1,1,0.893272
bjoern,dual,3,4,1,0.399692
bjoern,dual,2,1,1,0.584938
bjoern,dual,1,2,1,0.675037
bjoern,dual,3,4,1,0.56138
bjoern,dual,4,3,1,0.775469
bjoern,dual,4,3,1,0.648345
bjoern,dual,1,2,1,0.691112
bjoern,dual,3,4,1,1.282005
bjoern,dual,3,4,1,0.525813
bjoern,dual,4,3,1,0.653558
bjoern,dual,1,2,1,0.636646
bjoern,dual,2,1,1,0.422197
bjoern,dual,1,2,0,0.551596
bjoern,dual,1,2,1,0.72731
bjoern,dual,3,4,1,0.754202
bjoern,dual,1,2,1,0.972122
bjoern,dual,1,2,1,0.91864
bjoern,dual,3,4,1,1.077789
bjoern,dual,4,1,1,0.492129
bjoern,dual,3,2,1,0.480748
bjoern,dual,1,4,1,1.233959
bjoern,dual,1,4,0,0.901899
bjoern,dual,2,3,1,0.778051
bjoern,dual,2,3,0,0.826979
bjoern,dual,2,3,1,0.63605
bjoern,dual,3,2,1,0.608876
bjoern,dual,4,1,1,0.663856
bjoern,dual,1,4,1,0.604129
bjoern,dual,3,2,0,0.661795
bjoern,dual,4,1,1,0.727633
bjoern,dual,4,1,1,0.738574
bjoern,dual,2,3,1,0.727906
bjoern,dual,2,3,1,1.341034
bjoern,dual,2,3,0,0.850416
bjoern,dual,4,1,1,0.536358
bjoern,dual,3,2,1,0.441803
bjoern,dual,1,4,0,0.779184
bjoern,dual,4,1,1,0.620304
bjoern,dual,2,3,0,0.820423
bjoern,dual,1,4,0,0.45304
bjoern,dual,4,1,1,0.477581
bjoern,dual,1,4,1,0.961429
bjoern,dual,4,1,1,0.81373
bjoern,dual,3,2,1,0.623585
bjoern,dual,2,3,1,0.721247
bjoern,dual,2,3,1,0.80673
bjoern,dual,4,1,1,0.679365
bjoern,dual,1,4,1,0.659368
bjoern,dual,1,4,0,1.019291
bjoern,dual,1,4,1,0.855622
bjoern,dual,4,1,1,1.278225
bjoern,dual,4,1,1,0.5057
bjoern,dual,4,1,1,0.412883
bjoern,dual,1,4,1,0.4662
bjoern,dual,4,1,1,0.525746
bjoern,dual,4,1,1,0.882087
bjoern,dual,3,2,1,0.620895
bjoern,dual,2,3,1,1.096596
bjoern,dual,4,3,1,0.471086
bjoern,dual,2,1,1,0.655838
bjoern,dual,4,3,1,0.644286
bjoern,dual,3,4,1,0.577118
bjoern,dual,3,4,1,0.484602
bjoern,dual,3,4,1,0.427959
bjoern,dual,2,1,1,0.667448
bjoern,dual,2,1,1,0.619821
bjoern,dual,2,1,1,0.670967
bjoern,dual,3,4,1,0.453243
bjoern,dual,1,2,1,0.781715
bjoern,dual,3,4,1,0.491818
bjoern,dual,3,4,1,0.389135
bjoern,dual,2,1,1,0.776666
bjoern,dual,3,4,1,0.876834
bjoern,dual,3,4,1,0.379991
bjoern,dual,1,2,1,0.596829
bjoern,dual,1,2,1,0.675913
bjoern,dual,2,1,1,0.666459
bjoern,dual,2,1,1,0.50473
bjoern,dual,3,4,1,0.830155
bjoern,dual,1,2,0,1.064995
bjoern,dual,4,3,1,0.60273
bjoern,dual,4,3,1,0.532587
bjoern,dual,4,3,0,0.601487
bjoern,dual,3,4,1,0.484856
bjoern,dual,3,4,1,0.662322
bjoern,dual,4,3,1,0.656889
bjoern,dual,4,3,0,0.925589
bjoern,dual,2,1,1,1.098877
bjoern,dual,2,1,1,0.662202
bjoern,dual,3,4,1,0.584099
bjoern,dual,1,2,1,0.695014
bjoern,dual,1,2,1,0.720446
bjoern,dual,3,4,1,0.654574
bjoern,dual,4,3,1,0.742038
bjoern,dual,3,4,1,0.648532
bjoern,dual,2,1,1,0.373751
bjoern,dual,1,2,0,0.727423
bjoern,dual,4,3,1,0.613396
bjoern,dual,4,1,1,0.492707
bjoern,dual,4,1,1,0.626273
bjoern,dual,1,4,1,0.609755
bjoern,dual,3,2,1,0.836814
bjoern,dual,1,4,1,0.995436
bjoern,dual,3,2,1,0.7276
bjoern,dual,4,1,1,0.435405
bjoern,dual,3,2,1,0.60641
bjoern,dual,2,3,1,0.64003
bjoern,dual,2,3,0,0.914033
bjoern,dual,1,4,0,0.820153
bjoern,dual,2,3,1,0.868511
bjoern,dual,4,1,1,0.584449
bjoern,dual,3,2,1,0.62858
bjoern,dual,1,4,1,0.506203
bjoern,dual,4,1,1,1.064952
bjoern,dual,2,3,1,0.673578
bjoern,dual,3,2,1,0.53306
bjoern,dual,1,4,1,0.74528
bjoern,dual,2,3,1,0.569295
bjoern,dual,2,3,1,0.694171
bjoern,dual,3,2,1,0.55601
bjoern,dual,2,3,0,0.681485
bjoern,dual,4,1,1,0.642654
bjoern,dual,1,4,1,0.771884
bjoern,dual,2,3,1,0.719233
bjoern,dual,2,3,1,0.416776
bjoern,dual,4,1,1,0.493329
bjoern,dual,4,1,1,0.533321
bjoern,dual,4,1,1,0.546763
bjoern,dual,1,4,1,1.135082
bjoern,dual,3,2,1,0.593771
bjoern,dual,1,4,1,0.751062
bjoern,dual,1,4,1,0.614838
bjoern,dual,2,3,0,0.75199800000000006
bjoern,dual,3,2,1,1.839456
bjoern,dual,1,4,1,0.839348
bjoern,dual,2,3,1,0.801763
bjoern,dual,4,1,1,0.785303
bjoern,dual,2,3,1,0.873951
bjoern,dual,3,2,1,0.546987
bjoern,dual,4,1,1,0.319922
bjoern,dual,4,1,1,0.306166
bjoern,dual,4,1,1,0.450263
bjoern,dual,3,2,1,0.517267
bjoern,dual,3,2,1,0.445126
bjoern,dual,4,1,1,0.593372
bjoern,dual,3,2,1,0.416362
bjoern,dual,4,1,1,0.403906
bjoern,dual,4,1,1,0.494862
bjoern,dual,4,1,1,0.655541
bjoern,dual,1,4,1,0.907792
bjoern,dual,1,4,1,0.510614
bjoern,dual,1,4,1,0.506809
bjoern,dual,3,2,1,0.816821
bjoern,dual,4,1,1,0.71087
bjoern,dual,2,3,0,0.758434
bjoern,dual,1,4,1,0.595204
bjoern,dual,2,3,1,0.680652
bjoern,dual,3,2,1,0.643143
bjoern,dual,3,2,1,0.593023
bjoern,dual,3,2,1,0.543382
bjoern,dual,4,1,1,0.539463
bjoern,dual,4,1,1,0.64868
bjoern,dual,2,3,0,0.703469
bjoern,dual,4,1,1,0.622796
bjoern,dual,2,3,0,1.216992
bjoern,dual,2,3,0,0.90381
bjoern,dual,2,3,0,1.140897
bjoern,dual,4,1,1,1.213398
bjoern,dual,1,4,1,0.505801
bjoern,dual,4,1,1,0.548887
bjoern,dual,1,4,1,0.603318
bjoern,dual,4,1,1,0.43906
bjoern,dual,4,1,1,0.599114
bjoern,dual,2,3,1,0.564064
bjoern,dual,2,3,1,1.103796
bjoern,dual,1,4,0,1.505045
bjoern,dual,2,3,0,0.635081
bjoern,dual,1,4,0,0.651248
bjoern,dual,3,4,1,0.486931
bjoern,dual,1,2,1,0.580118
bjoern,dual,2,1,1,0.367713
bjoern,dual,2,1,1,0.334313
bjoern,dual,2,1,1,0.526739
bjoern,dual,2,1,1,0.469391
bjoern,dual,4,3,1,1.188104
bjoern,dual,2,1,1,0.980328
bjoern,dual,2,1,1,0.597568
bjoern,dual,3,4,1,0.376101
bjoern,dual,2,1,1,0.446055
bjoern,dual,3,4,1,0.706586
bjoern,dual,3,4,1,0.410952
bjoern,dual,2,1,1,0.510756
bjoern,dual,3,4,1,0.475414
bjoern,dual,1,2,1,0.682756
bjoern,dual,2,1,1,0.614844
bjoern,dual,1,2,1,0.690468
bjoern,dual,1,2,1,0.516205
bjoern,dual,3,4,1,0.646721
bjoern,dual,2,1,1,0.613914
bjoern,dual,2,1,1,0.514665
bjoern,dual,1,2,1,0.711076
bjoern,dual,2,1,1,0.711317
bjoern,dual,2,1,1,0.445858
bjoern,dual,1,2,1,0.626066
bjoern,dual,4,3,1,0.797482
bjoern,dual,4,3,1,0.783209
bjoern,dual,2,1,1,0.622036
bjoern,dual,3,4,1,0.567447
bjoern,dual,2,1,1,0.272328
bjoern,dual,2,1,1,0.403268
bjoern,dual,2,1,1,0.33012
bjoern,dual,4,3,1,0.475487
bjoern,dual,1,2,1,0.623965
bjoern,dual,2,1,1,0.496149
bjoern,dual,1,2,1,0.71735
bjoern,dual,2,1,1,0.35169
bjoern,dual,1,2,0,0.584388
bjoern,dual,4,3,0,0.543277
bjoern,dual,4,1,1,0.616626
bjoern,dual,3,2,1,0.475354
bjoern,dual,4,1,1,0.405406
bjoern,dual,3,2,1,0.59903
bjoern,dual,2,3,1,0.917754
bjoern,dual,2,3,1,0.553991
bjoern,dual,2,3,0,0.86988
bjoern,dual,2,3,1,0.635056
bjoern,dual,2,3,1,0.523681
bjoern,dual,2,3,0,0.362535
bjoern,dual,3,2,1,0.543167
bjoern,dual,3,2,1,0.445328
bjoern,dual,2,3,1,0.826851
bjoern,dual,3,2,1,0.509366
bjoern,dual,1,4,1,0.650255
bjoern,dual,3,2,1,0.535751
bjoern,dual,4,1,1,0.557125
bjoern,dual,2,3,0,0.560526
bjoern,dual,1,4,1,0.710107
bjoern,dual,1,4,0,0.840996
bjoern,dual,1,4,1,0.631315
bjoern,dual,1,4,1,0.815995
bjoern,dual,2,3,1,0.574291
bjoern,dual,1,4,0,0.689884
bjoern,dual,1,4,0,0.63626
bjoern,dual,1,4,0,0.740204
bjoern,dual,3,2,1,0.598896
bjoern,dual,2,3,1,0.615633
bjoern,dual,1,4,1,0.47071
bjoern,dual,1,4,0,0.43748
bjoern,dual,3,2,1,0.379934
bjoern,dual,1,4,0,0.391651
bjoern,dual,3,2,1,0.503164
bjoern,dual,1,4,1,0.544637
bjoern,dual,4,1,1,0.6084
bjoern,dual,1,4,1,0.704328
bjoern,dual,2,3,1,0.587599
bjoern,dual,1,4,1,0.473163
bjoern,dual,2,3,0,0.534138
bjoern,dual,3,2,1,0.665036
bjoern,dual,3,4,1,0.618162
bjoern,dual,3,4,1,0.326011
bjoern,dual,4,3,1,0.628343
bjoern,dual,1,2,1,0.617784
bjoern,dual,3,4,1,0.305205
bjoern,dual,2,1,1,0.576584
bjoern,dual,1,2,1,0.68239
bjoern,dual,1,2,1,0.380789
bjoern,dual,4,3,1,0.347383
bjoern,dual,2,1,1,0.589872
bjoern,dual,2,1,1,0.355711
bjoern,dual,4,3,1,0.519221
bjoern,dual,2,1,1,0.472001
bjoern,dual,4,3,1,0.696888
bjoern,dual,1,2,1,0.678214
bjoern,dual,2,1,1,0.736767
bjoern,dual,4,3,1,0.779485
bjoern,dual,4,3,1,0.776119
bjoern,dual,3,4,1,0.580731
bjoern,dual,1,2,1,0.976318
bjoern,dual,2,1,1,0.511328
bjoern,dual,2,1,1,0.34923
bjoern,dual,1,2,1,0.566419
bjoern,dual,4,3,1,0.607772
bjoern,dual,4,3,1,0.540224
bjoern,dual,4,3,1,0.550732
bjoern,dual,3,4,1,0.326484
bjoern,dual,3,4,1,0.308188
bjoern,dual,1,2,1,0.547131
bjoern,dual,2,1,1,0.368798
bjoern,dual,1,2,1,0.527908
bjoern,dual,2,1,1,0.322823
bjoern,dual,1,2,0,0.543171
bjoern,dual,2,1,0,0.511814
bjoern,dual,3,4,1,0.357752
bjoern,dual,1,2,1,0.590156
bjoern,dual,3,4,1,0.307551
bjoern,dual,2,1,0,0.327058
bjoern,dual,1,2,1,0.626197
bjoern,dual,4,3,0,0.572766
